{
"type": "FeatureCollection",
"name": "APAitupararanga",
"crs": { "type": "name", "properties": { "name": "urn:ogc:def:crs:OGC:1.3:CRS84" } },
"features": [
{ "type": "Feature", "properties": { "Id": 0 }, "geometry": { "type": "MultiPolygon", "coordinates": [ [ [ [ -47.397191738231335, -23.612493353620032, 0.0 ], [ -47.397219390801666, -23.612578584037628, 0.0 ], [ -47.397410698338653, -23.612714821295526, 0.0 ], [ -47.397481704543935, -23.612647160962965, 0.0 ], [ -47.397435229495677, -23.612552309455964, 0.0 ], [ -47.397191738231335, -23.612493353620032, 0.0 ] ] ], [ [ [ -47.397191738231335, -23.612493353620032, 0.0 ], [ -47.397037837228915, -23.611768162383719, 0.0 ], [ -47.3960270993161, -23.609715578967684, 0.0 ], [ -47.395571081743945, -23.609284895133872, 0.0 ], [ -47.39447353486657, -23.608473021905152, 0.0 ], [ -47.394469380617252, -23.608244378918208, 0.0 ], [ -47.394425507418134, -23.608202941542562, 0.0 ], [ -47.394174802757675, -23.608206810982743, 0.0 ], [ -47.394170354473857, -23.607961954840139, 0.0 ], [ -47.394143376395178, -23.607936474327474, 0.0 ], [ -47.393876071853455, -23.607940599378392, 0.0 ], [ -47.393871329632688, -23.607679530974398, 0.0 ], [ -47.393861245537529, -23.607670006513079, 0.0 ], [ -47.393577342153918, -23.607674387092111, 0.0 ], [ -47.393431732575401, -23.607264336525027, 0.0 ], [ -47.393418486880975, -23.607251825798443, 0.0 ], [ -47.392922205168404, -23.606471276569273, 0.0 ], [ -47.391768988819614, -23.604626028294405, 0.0 ], [ -47.391736475080386, -23.602834462838665, 0.0 ], [ -47.391537376665724, -23.600649113558834, 0.0 ], [ -47.39142071865129, -23.600503804622534, 0.0 ], [ -47.390345756843779, -23.599185715687835, 0.0 ], [ -47.389297623304458, -23.598542319618165, 0.0 ], [ -47.387014987750739, -23.597161113508516, 0.0 ], [ -47.386984792634621, -23.597122545188785, 0.0 ], [ -47.386810560844708, -23.597015587566929, 0.0 ], [ -47.386084829811189, -23.595973011798936, 0.0 ], [ -47.385152517261595, -23.594782129737464, 0.0 ], [ -47.384554251853793, -23.592510610264494, 0.0 ], [ -47.383841631165211, -23.589886709468633, 0.0 ], [ -47.382856844684966, -23.58934273504865, 0.0 ], [ -47.380668034907906, -23.58846802700036, 0.0 ], [ -47.379025314621394, -23.587868250665885, 0.0 ], [ -47.37721121417038, -23.588028445029984, 0.0 ], [ -47.375567790019289, -23.588256682258031, 0.0 ], [ -47.374872158199615, -23.588353286016858, 0.0 ], [ -47.37371949622726, -23.589254802241548, 0.0 ], [ -47.372991728048071, -23.58983239702567, 0.0 ], [ -47.372981260864464, -23.589832177853296, 0.0 ], [ -47.372797181077651, -23.589976146527519, 0.0 ], [ -47.371144873027731, -23.589793701931672, 0.0 ], [ -47.370771811050162, -23.589785883015654, 0.0 ], [ -47.370686307820797, -23.589743065003763, 0.0 ], [ -47.370674010993056, -23.589741707261808, 0.0 ], [ -47.367349136517795, -23.588075667593802, 0.0 ], [ -47.365011823671153, -23.587449295233224, 0.0 ], [ -47.362664204477298, -23.586842592933206, 0.0 ], [ -47.360817982972563, -23.585413039371968, 0.0 ], [ -47.359365677794393, -23.584351245353186, 0.0 ], [ -47.355912811064655, -23.58290606285215, 0.0 ], [ -47.353709461320108, -23.582315387272672, 0.0 ], [ -47.353164240178643, -23.582144349701508, 0.0 ], [ -47.352766593080517, -23.582034253875843, 0.0 ], [ -47.352449321703325, -23.581920075045289, 0.0 ], [ -47.350722951675813, -23.5813784837115, 0.0 ], [ -47.349156387196402, -23.58112649281691, 0.0 ], [ -47.347148665628559, -23.581046632018811, 0.0 ], [ -47.346685443280968, -23.58108007481535, 0.0 ], [ -47.343193392669043, -23.581303335419065, 0.0 ], [ -47.343193342777447, -23.581303338880112, 0.0 ], [ -47.341010597479922, -23.581456314680857, 0.0 ], [ -47.33966958993895, -23.580698327385495, 0.0 ], [ -47.338991247966817, -23.580350590545262, 0.0 ], [ -47.338972955246774, -23.580304556113692, 0.0 ], [ -47.338880684670364, -23.580252400122639, 0.0 ], [ -47.338848747915264, -23.579991976294725, 0.0 ], [ -47.338600648942823, -23.579367607696632, 0.0 ], [ -47.338519996974505, -23.577311188344961, 0.0 ], [ -47.338511385208918, -23.577240971077746, 0.0 ], [ -47.33815436424436, -23.573531851936178, 0.0 ], [ -47.337724307836893, -23.573435217880139, 0.0 ], [ -47.33581717270274, -23.573089535891974, 0.0 ], [ -47.334302119818744, -23.573195647152698, 0.0 ], [ -47.331965222469663, -23.573433839593044, 0.0 ], [ -47.33185052475568, -23.573367319419749, 0.0 ], [ -47.331501199808223, -23.573391778080179, 0.0 ], [ -47.331174444964361, -23.57297521432454, 0.0 ], [ -47.330881288528815, -23.572805191429438, 0.0 ], [ -47.330258909738461, -23.571808028716717, 0.0 ], [ -47.329732702764176, -23.571137174067541, 0.0 ], [ -47.329261593195461, -23.569255048072144, 0.0 ], [ -47.329256635962146, -23.569232592911156, 0.0 ], [ -47.32925318540255, -23.569219983319773, 0.0 ], [ -47.329252500564237, -23.569213863791532, 0.0 ], [ -47.328904797504805, -23.567639133221242, 0.0 ], [ -47.328793216014198, -23.567404887008536, 0.0 ], [ -47.328741534743919, -23.566899710409171, 0.0 ], [ -47.328711227977536, -23.566762449094671, 0.0 ], [ -47.328366706890613, -23.565649443685764, 0.0 ], [ -47.328161213043082, -23.565118028517805, 0.0 ], [ -47.328087887200738, -23.564661504498112, 0.0 ], [ -47.328020405462482, -23.564150026137611, 0.0 ], [ -47.327777560115642, -23.563050100044673, 0.0 ], [ -47.327739957392296, -23.56305066331409, 0.0 ], [ -47.327703923966133, -23.562792133530422, 0.0 ], [ -47.327086763702539, -23.561953830365621, 0.0 ], [ -47.32666306712234, -23.561530734037536, 0.0 ], [ -47.326193074265113, -23.561431193379484, 0.0 ], [ -47.325292155405378, -23.561395211668984, 0.0 ], [ -47.32514212759493, -23.561460287463916, 0.0 ], [ -47.324734852588911, -23.561372950961839, 0.0 ], [ -47.323704237723369, -23.561331779006032, 0.0 ], [ -47.322928548975447, -23.561427615008558, 0.0 ], [ -47.322049695285457, -23.561614487733554, 0.0 ], [ -47.320824656328128, -23.561947719642173, 0.0 ], [ -47.320456600042696, -23.561953215862232, 0.0 ], [ -47.319920906895319, -23.562067112732592, 0.0 ], [ -47.319695118139109, -23.561964584377673, 0.0 ], [ -47.319651140704167, -23.56196524082317, 0.0 ], [ -47.317187345526733, -23.560920808311796, 0.0 ], [ -47.315908104815421, -23.559970752756985, 0.0 ], [ -47.315395659171472, -23.55961673831078, 0.0 ], [ -47.315126580368876, -23.559815461932761, 0.0 ], [ -47.314245675159157, -23.560514146017063, 0.0 ], [ -47.313843348863301, -23.560665199130653, 0.0 ], [ -47.313843321623096, -23.560665209466755, 0.0 ], [ -47.312056958146869, -23.561381523309251, 0.0 ], [ -47.31055635326458, -23.562100729222092, 0.0 ], [ -47.309029690052405, -23.561982991600292, 0.0 ], [ -47.308569211059115, -23.561964551469249, 0.0 ], [ -47.308462784135877, -23.562001547514459, 0.0 ], [ -47.308141689132313, -23.562125416836032, 0.0 ], [ -47.308111506492743, -23.562137060475902, 0.0 ], [ -47.307909518922216, -23.56214006035972, 0.0 ], [ -47.306955772167626, -23.562246018920053, 0.0 ], [ -47.306863840051747, -23.562256231765151, 0.0 ], [ -47.306497958794026, -23.562296878248262, 0.0 ], [ -47.305622619694894, -23.562580138090304, 0.0 ], [ -47.30505631737271, -23.56282997567542, 0.0 ], [ -47.304908794636447, -23.562906732499396, 0.0 ], [ -47.304314560824828, -23.563303139131346, 0.0 ], [ -47.304138545641692, -23.563307494158671, 0.0 ], [ -47.303984708383268, -23.563387535121802, 0.0 ], [ -47.303785471650393, -23.563316229921362, 0.0 ], [ -47.303350852318026, -23.563326982490942, 0.0 ], [ -47.302878262421849, -23.562991546802227, 0.0 ], [ -47.302857225820169, -23.56298401789957, 0.0 ], [ -47.300970679539816, -23.561680502848866, 0.0 ], [ -47.299482216344785, -23.561591398232995, 0.0 ], [ -47.298725663484539, -23.561561052909813, 0.0 ], [ -47.298547813903404, -23.561573466060196, 0.0 ], [ -47.296589902041411, -23.561857257233605, 0.0 ], [ -47.29649435094607, -23.561858669269668, 0.0 ], [ -47.295326410398445, -23.561634313054082, 0.0 ], [ -47.293750064853413, -23.561571038455362, 0.0 ], [ -47.293740163725431, -23.561574708159785, 0.0 ], [ -47.293703888725766, -23.561569185878174, 0.0 ], [ -47.293479204720185, -23.561560165365602, 0.0 ], [ -47.292849354820774, -23.561803071161616, 0.0 ], [ -47.292547903976988, -23.562059470360737, 0.0 ], [ -47.292275167012505, -23.562350080839412, 0.0 ], [ -47.291959079318815, -23.562840590264887, 0.0 ], [ -47.291396614221973, -23.562589105756206, 0.0 ], [ -47.287412738582447, -23.560941826549136, 0.0 ], [ -47.287198897322078, -23.561065949127098, 0.0 ], [ -47.287117693129552, -23.561026725521646, 0.0 ], [ -47.28637300113531, -23.561251968798054, 0.0 ], [ -47.286229001695794, -23.56133445791723, 0.0 ], [ -47.286228968718873, -23.561334476458107, 0.0 ], [ -47.284384075868196, -23.562454574753133, 0.0 ], [ -47.282333463825189, -23.56396829233341, 0.0 ], [ -47.282054083044699, -23.563987763606313, 0.0 ], [ -47.281616923558417, -23.564233336289711, 0.0 ], [ -47.280926863738117, -23.564066318684983, 0.0 ], [ -47.280615467929145, -23.564088018656733, 0.0 ], [ -47.279758474825186, -23.563740555650057, 0.0 ], [ -47.278708793454889, -23.563360643925282, 0.0 ], [ -47.277685426339161, -23.561947610961681, 0.0 ], [ -47.277000301475553, -23.561246320708452, 0.0 ], [ -47.276139118222524, -23.56040294665252, 0.0 ], [ -47.27522230584664, -23.559527796944717, 0.0 ], [ -47.274840630997573, -23.559031767976531, 0.0 ], [ -47.273887077419339, -23.55782751268632, 0.0 ], [ -47.272942674618179, -23.556908364982494, 0.0 ], [ -47.272159722479685, -23.556421046736261, 0.0 ], [ -47.271660662898888, -23.556363589257671, 0.0 ], [ -47.271107766239567, -23.556502054022669, 0.0 ], [ -47.270575456991388, -23.556635358207533, 0.0 ], [ -47.26997877898124, -23.557297516380753, 0.0 ], [ -47.269452148793611, -23.558014337813123, 0.0 ], [ -47.268631686449901, -23.559214218306256, 0.0 ], [ -47.268367856257399, -23.559490187041504, 0.0 ], [ -47.268291244754572, -23.5595944631044, 0.0 ], [ -47.266483932074941, -23.561566797882339, 0.0 ], [ -47.265411809530676, -23.562897929024839, 0.0 ], [ -47.264814200965908, -23.563921241257439, 0.0 ], [ -47.26423727902359, -23.565074651073775, 0.0 ], [ -47.263526220452412, -23.565968137196649, 0.0 ], [ -47.263392418469074, -23.56615078736003, 0.0 ], [ -47.262971798173282, -23.566841629244578, 0.0 ], [ -47.262566810588829, -23.56717366871057, 0.0 ], [ -47.262237117369629, -23.567587933773357, 0.0 ], [ -47.261151795270592, -23.568702315518241, 0.0 ], [ -47.260374431188332, -23.569587829256847, 0.0 ], [ -47.260280679518559, -23.569596736047767, 0.0 ], [ -47.260249983367565, -23.569628252397472, 0.0 ], [ -47.259270073549004, -23.569692741838796, 0.0 ], [ -47.258755418260861, -23.569741630745565, 0.0 ], [ -47.258301886970237, -23.569821235608995, 0.0 ], [ -47.257603159756279, -23.569976855484768, 0.0 ], [ -47.256821044345337, -23.570132779011335, 0.0 ], [ -47.256712435936784, -23.570100208215209, 0.0 ], [ -47.25663159355566, -23.570114398097413, 0.0 ], [ -47.254986320839009, -23.569582557777469, 0.0 ], [ -47.254719155742073, -23.569502434065726, 0.0 ], [ -47.254668000825539, -23.569487093030023, 0.0 ], [ -47.254084066316665, -23.569547140974816, 0.0 ], [ -47.253984749676746, -23.569258784643182, 0.0 ], [ -47.253820796197417, -23.569205784358079, 0.0 ], [ -47.253750808885457, -23.568579556212399, 0.0 ], [ -47.253582228426168, -23.568090091434094, 0.0 ], [ -47.253561699795895, -23.566887448459092, 0.0 ], [ -47.253405113543828, -23.565486300593879, 0.0 ], [ -47.252543916771948, -23.564717652330494, 0.0 ], [ -47.251595158363742, -23.563573426879724, 0.0 ], [ -47.250860351090274, -23.562796967073481, 0.0 ], [ -47.250363872519451, -23.561963986418181, 0.0 ], [ -47.250037502035319, -23.561517020752273, 0.0 ], [ -47.249769304228963, -23.560165902441629, 0.0 ], [ -47.250075741977966, -23.559910990718969, 0.0 ], [ -47.250089305815195, -23.559388269019284, 0.0 ], [ -47.249879095548508, -23.559232001704167, 0.0 ], [ -47.249102623959587, -23.558867512945604, 0.0 ], [ -47.248495978727341, -23.558822282882662, 0.0 ], [ -47.245333519307323, -23.55863529820893, 0.0 ], [ -47.244266833450183, -23.558589340657651, 0.0 ], [ -47.243367644026996, -23.558162197629851, 0.0 ], [ -47.241881972300298, -23.557589874261787, 0.0 ], [ -47.241512128076586, -23.558047373816866, 0.0 ], [ -47.240940843379043, -23.559210033793718, 0.0 ], [ -47.24077263825761, -23.559768928509747, 0.0 ], [ -47.240516673734682, -23.560073274255256, 0.0 ], [ -47.240476175735566, -23.560155689420299, 0.0 ], [ -47.240265117324235, -23.56037237579184, 0.0 ], [ -47.239811304399097, -23.56091195764445, 0.0 ], [ -47.239726635506898, -23.560925207773188, 0.0 ], [ -47.239574386319333, -23.561081513769903, 0.0 ], [ -47.239197470575704, -23.561008017797192, 0.0 ], [ -47.238751659220199, -23.561077781417868, 0.0 ], [ -47.238216870008245, -23.56081680133213, 0.0 ], [ -47.238091968782157, -23.56079244661321, 0.0 ], [ -47.237038029557091, -23.56024150996026, 0.0 ], [ -47.235455330515137, -23.559469107383521, 0.0 ], [ -47.234686249422964, -23.558751263125107, 0.0 ], [ -47.233288964655578, -23.557647923916551, 0.0 ], [ -47.232551985181892, -23.557396041723429, 0.0 ], [ -47.231868844351872, -23.557380900653722, 0.0 ], [ -47.230637341824391, -23.55779876387237, 0.0 ], [ -47.229955556370342, -23.558042544048586, 0.0 ], [ -47.228964151550031, -23.557986585486745, 0.0 ], [ -47.226763498929031, -23.557937750474863, 0.0 ], [ -47.225786001350087, -23.557951751537111, 0.0 ], [ -47.224511622058507, -23.558052287222701, 0.0 ], [ -47.22306894143437, -23.55839096641791, 0.0 ], [ -47.2227354011915, -23.558948508500436, 0.0 ], [ -47.222705838449706, -23.560079186707561, 0.0 ], [ -47.222774859366453, -23.560530795918265, 0.0 ], [ -47.2230557817538, -23.561058159148129, 0.0 ], [ -47.223948195132678, -23.562001547310278, 0.0 ], [ -47.224509254209195, -23.562502526470123, 0.0 ], [ -47.224554274719033, -23.5626422370574, 0.0 ], [ -47.224826980478916, -23.562930513429382, 0.0 ], [ -47.224868022165104, -23.563615876298439, 0.0 ], [ -47.225112922579633, -23.564375850184874, 0.0 ], [ -47.225138287424038, -23.565881060645648, 0.0 ], [ -47.224619724080533, -23.566163922063723, 0.0 ], [ -47.224610991000169, -23.566171616277298, 0.0 ], [ -47.224472076316928, -23.566314190171187, 0.0 ], [ -47.224120734351594, -23.56643610400813, 0.0 ], [ -47.224004472391719, -23.566499520515514, 0.0 ], [ -47.223959393885984, -23.566492086426294, 0.0 ], [ -47.223840076419854, -23.566533489008524, 0.0 ], [ -47.222071234171956, -23.566180707117184, 0.0 ], [ -47.2206441629232, -23.565945349389025, 0.0 ], [ -47.220216171797297, -23.565810704519372, 0.0 ], [ -47.220022913169579, -23.565772158267428, 0.0 ], [ -47.219074432090075, -23.565451510790041, 0.0 ], [ -47.217439714649302, -23.564937206023863, 0.0 ], [ -47.217080358497256, -23.564616307490535, 0.0 ], [ -47.216125377456265, -23.563955649774371, 0.0 ], [ -47.215181106506193, -23.563882252878049, 0.0 ], [ -47.214693324732394, -23.563862424094019, 0.0 ], [ -47.214381906481321, -23.564020006039044, 0.0 ], [ -47.213424734880469, -23.564600493903608, 0.0 ], [ -47.21336405117566, -23.565585899430754, 0.0 ], [ -47.213375601078084, -23.566274889299521, 0.0 ], [ -47.213179039263409, -23.568590118128348, 0.0 ], [ -47.21317903679487, -23.568590146150857, 0.0 ], [ -47.213152403068939, -23.569022611412098, 0.0 ], [ -47.212373774280891, -23.569851300387931, 0.0 ], [ -47.211974134507571, -23.570435194952616, 0.0 ], [ -47.211101452299168, -23.570512012229649, 0.0 ], [ -47.209200764672289, -23.570744706019941, 0.0 ], [ -47.208633939215183, -23.570845165709596, 0.0 ], [ -47.208162272014121, -23.571552629650409, 0.0 ], [ -47.207913565089164, -23.571998536036027, 0.0 ], [ -47.207722747643253, -23.572211873775604, 0.0 ], [ -47.207640635989947, -23.57233503050573, 0.0 ], [ -47.207058016699754, -23.572955045682633, 0.0 ], [ -47.206549557010419, -23.573523498284867, 0.0 ], [ -47.206502842239168, -23.573545845723814, 0.0 ], [ -47.206361270751408, -23.573696502154633, 0.0 ], [ -47.205363850502891, -23.574042451217725, 0.0 ], [ -47.205309670793142, -23.574049914762394, 0.0 ], [ -47.204519201457167, -23.574305115969846, 0.0 ], [ -47.204337636292713, -23.574282408911529, 0.0 ], [ -47.203189679161291, -23.574138836529979, 0.0 ], [ -47.202664025413895, -23.574117573573705, 0.0 ], [ -47.202523059884292, -23.574055460142983, 0.0 ], [ -47.202196499470254, -23.574014614566721, 0.0 ], [ -47.201816240643794, -23.573967052205603, 0.0 ], [ -47.201326760254041, -23.57384827274473, 0.0 ], [ -47.200349169196947, -23.573749608748475, 0.0 ], [ -47.200055899376039, -23.57353987269045, 0.0 ], [ -47.199764519487665, -23.57346916204142, 0.0 ], [ -47.199477631151773, -23.573085715235351, 0.0 ], [ -47.198715825992309, -23.572235936530276, 0.0 ], [ -47.196706960031534, -23.571995388053686, 0.0 ], [ -47.195897505285288, -23.57194299780917, 0.0 ], [ -47.195620250643309, -23.571261169409709, 0.0 ], [ -47.1953630001234, -23.570721713012201, 0.0 ], [ -47.195099763239767, -23.570300636883488, 0.0 ], [ -47.194738465644079, -23.569753462844989, 0.0 ], [ -47.194717204118653, -23.569688685718262, 0.0 ], [ -47.194631715332243, -23.569551935222872, 0.0 ], [ -47.194530167723798, -23.569118880258294, 0.0 ], [ -47.19441170755448, -23.568757992139826, 0.0 ], [ -47.194246579337388, -23.568639881814022, 0.0 ], [ -47.194377851978516, -23.568469314194893, 0.0 ], [ -47.194367804721693, -23.568426468046571, 0.0 ], [ -47.194870529316816, -23.567829150689079, 0.0 ], [ -47.195338795811288, -23.56722069670775, 0.0 ], [ -47.195517854811321, -23.565993375867958, 0.0 ], [ -47.195534030112022, -23.565763783627649, 0.0 ], [ -47.195059146336085, -23.565424730161723, 0.0 ], [ -47.194223631819725, -23.564896190615858, 0.0 ], [ -47.192991437191665, -23.564997768540255, 0.0 ], [ -47.191359734906186, -23.56535003629098, 0.0 ], [ -47.190939179718292, -23.565507540223365, 0.0 ], [ -47.190643193417316, -23.565618390317123, 0.0 ], [ -47.19009451881746, -23.565545444840069, 0.0 ], [ -47.188969750624125, -23.565408389177406, 0.0 ], [ -47.188866218245643, -23.56538213704739, 0.0 ], [ -47.188595377530397, -23.565346126267219, 0.0 ], [ -47.188047360486351, -23.565174509361555, 0.0 ], [ -47.187489174269516, -23.565032974995027, 0.0 ], [ -47.187477342438129, -23.564996000073993, 0.0 ], [ -47.187445162091386, -23.564985922468722, 0.0 ], [ -47.187102156698018, -23.563869865586224, 0.0 ], [ -47.186754069904154, -23.562737249745812, 0.0 ], [ -47.186746585271919, -23.562285252418679, 0.0 ], [ -47.186583089818086, -23.561571352643902, 0.0 ], [ -47.185519751376603, -23.56131327750234, 0.0 ], [ -47.183106921973632, -23.561288319933993, 0.0 ], [ -47.181613504717454, -23.561309290616379, 0.0 ], [ -47.180011157766536, -23.561331774036628, 0.0 ], [ -47.179815864890543, -23.561334513280066, 0.0 ], [ -47.178734882520075, -23.560910014057054, 0.0 ], [ -47.178377891238078, -23.560813852101465, 0.0 ], [ -47.178019935348736, -23.560527921864647, 0.0 ], [ -47.177094588606806, -23.559867050554764, 0.0 ], [ -47.17705677736965, -23.559758557614295, 0.0 ], [ -47.176950728605618, -23.559673846786993, 0.0 ], [ -47.176759085707083, -23.558904383210585, 0.0 ], [ -47.176494091132412, -23.558144014074053, 0.0 ], [ -47.176261484771423, -23.55673307700096, 0.0 ], [ -47.176122561876852, -23.556100358306058, 0.0 ], [ -47.17578463316508, -23.554766327750546, 0.0 ], [ -47.175580987276788, -23.553995269842048, 0.0 ], [ -47.175265635362628, -23.553102135828883, 0.0 ], [ -47.173514016513508, -23.552804838045979, 0.0 ], [ -47.173145117910337, -23.55278974015263, 0.0 ], [ -47.172586881285397, -23.552866259338753, 0.0 ], [ -47.171828331624837, -23.553093859717372, 0.0 ], [ -47.170881059918592, -23.553694871788597, 0.0 ], [ -47.169894752765842, -23.554532389845217, 0.0 ], [ -47.169881479781338, -23.555560452378963, 0.0 ], [ -47.170137208156433, -23.557988329265626, 0.0 ], [ -47.170260954413038, -23.558313776823496, 0.0 ], [ -47.170799460872693, -23.559134766227469, 0.0 ], [ -47.171961690345768, -23.560842231477142, 0.0 ], [ -47.171957279402775, -23.560899895837192, 0.0 ], [ -47.172110642711381, -23.561133700466307, 0.0 ], [ -47.171932311178956, -23.561226286687283, 0.0 ], [ -47.171928629786521, -23.561274416837669, 0.0 ], [ -47.171434415678277, -23.561526136486233, 0.0 ], [ -47.171177993937128, -23.561563540988192, 0.0 ], [ -47.170187423587919, -23.561790628004012, 0.0 ], [ -47.16990479163119, -23.562100362352464, 0.0 ], [ -47.169863272983072, -23.562962193701566, 0.0 ], [ -47.169868697303706, -23.563292310457921, 0.0 ], [ -47.170044835592456, -23.563901889047081, 0.0 ], [ -47.17008674253708, -23.563990715322973, 0.0 ], [ -47.17008675876793, -23.563990749404091, 0.0 ], [ -47.170841549245608, -23.56544805309731, 0.0 ], [ -47.172407621974543, -23.566699050102535, 0.0 ], [ -47.172820455825551, -23.567015090671649, 0.0 ], [ -47.173661972009356, -23.567676560288454, 0.0 ], [ -47.173665304805482, -23.567703671822741, 0.0 ], [ -47.173734952605294, -23.567759305210348, 0.0 ], [ -47.173857166483479, -23.569264426429683, 0.0 ], [ -47.173972029181002, -23.570198782748715, 0.0 ], [ -47.173783638420254, -23.570500347826631, 0.0 ], [ -47.173714078946254, -23.570824436248721, 0.0 ], [ -47.17358000446761, -23.570826311986398, 0.0 ], [ -47.173424371043389, -23.571075439575015, 0.0 ], [ -47.173424763478046, -23.571099333906776, 0.0 ], [ -47.173313981600202, -23.571252142598258, 0.0 ], [ -47.173065590242032, -23.571649746496135, 0.0 ], [ -47.172985271853278, -23.571705545514135, 0.0 ], [ -47.172955363795367, -23.571746799004739, 0.0 ], [ -47.172408693315461, -23.572106110510141, 0.0 ], [ -47.172267575626947, -23.57220414886336, 0.0 ], [ -47.171977051906268, -23.572405982001687, 0.0 ], [ -47.171978168092281, -23.572473815309095, 0.0 ], [ -47.171660881642957, -23.572625630350032, 0.0 ], [ -47.171396001721547, -23.5728096459268, 0.0 ], [ -47.171357348188394, -23.572836498382831, 0.0 ], [ -47.171103620246917, -23.572898700656634, 0.0 ], [ -47.171105742281242, -23.57302771046491, 0.0 ], [ -47.170545442421812, -23.57303553958236, 0.0 ], [ -47.170225619568413, -23.573113944366447, 0.0 ], [ -47.170033622813634, -23.5731610114827, 0.0 ], [ -47.169933759476478, -23.573234811021294, 0.0 ], [ -47.169935076411058, -23.573314916543019, 0.0 ], [ -47.169823248018091, -23.573316478463052, 0.0 ], [ -47.169643438730219, -23.573449358227649, 0.0 ], [ -47.169645747443369, -23.573589808060252, 0.0 ], [ -47.169100130890534, -23.573850861088932, 0.0 ], [ -47.169062794383308, -23.573878453009037, 0.0 ], [ -47.16877247076782, -23.574092999681401, 0.0 ], [ -47.168773303724898, -23.574143691300073, 0.0 ], [ -47.168576374043859, -23.574237912986575, 0.0 ], [ -47.16855635905133, -23.574252703655059, 0.0 ], [ -47.168190914311943, -23.574466920206618, 0.0 ], [ -47.167899866196237, -23.574637526356103, 0.0 ], [ -47.167900852455197, -23.574697570139595, 0.0 ], [ -47.167794910164233, -23.574699048527247, 0.0 ], [ -47.167608817284552, -23.574808131109204, 0.0 ], [ -47.167611516135565, -23.574972458355564, 0.0 ], [ -47.167321576482799, -23.574976503685779, 0.0 ], [ -47.167317767606576, -23.574978736271181, 0.0 ], [ -47.1670267171326, -23.575149340036756, 0.0 ], [ -47.167028393634141, -23.575251444578424, 0.0 ], [ -47.166848239756007, -23.575253957552018, 0.0 ], [ -47.16684502655631, -23.575255841448655, 0.0 ], [ -47.166736140938234, -23.575348879808836, 0.0 ], [ -47.166739054240004, -23.575526331373247, 0.0 ], [ -47.165919756220141, -23.576046446418523, 0.0 ], [ -47.16586460135504, -23.576093574277017, 0.0 ], [ -47.165861995166786, -23.576095800895338, 0.0 ], [ -47.164447590640982, -23.576972367684917, 0.0 ], [ -47.16411961123827, -23.577109612864799, 0.0 ], [ -47.163879843671864, -23.577250893950392, 0.0 ], [ -47.163310511709376, -23.577448182262184, 0.0 ], [ -47.162387673832853, -23.577834338761651, 0.0 ], [ -47.162221035969665, -23.577825706091183, 0.0 ], [ -47.162046058919799, -23.577886337670783, 0.0 ], [ -47.161510829079099, -23.577788910060274, 0.0 ], [ -47.160990914259862, -23.577761970576425, 0.0 ], [ -47.160770046302702, -23.577654061677556, 0.0 ], [ -47.160616086520449, -23.577626034888507, 0.0 ], [ -47.160013156452166, -23.577284263984762, 0.0 ], [ -47.159651082972992, -23.577107361808771, 0.0 ], [ -47.159275064066051, -23.57686587025071, 0.0 ], [ -47.159077987024737, -23.57675415483169, 0.0 ], [ -47.159058439874222, -23.576726745464864, 0.0 ], [ -47.158811569096898, -23.576568195382077, 0.0 ], [ -47.158427127900389, -23.575841555865509, 0.0 ], [ -47.158235343072036, -23.575572644497576, 0.0 ], [ -47.157392205471488, -23.575253486780635, 0.0 ], [ -47.156905254574013, -23.575233516363991, 0.0 ], [ -47.156596272548313, -23.575271351118438, 0.0 ], [ -47.155603229724157, -23.575569159371192, 0.0 ], [ -47.154624336022636, -23.576077196784226, 0.0 ], [ -47.153877067155925, -23.576623275066261, 0.0 ], [ -47.152375349662897, -23.576644089863471, 0.0 ], [ -47.152306532450467, -23.576652514385575, 0.0 ], [ -47.151316090763835, -23.576808858909921, 0.0 ], [ -47.150501299336433, -23.577022140209095, 0.0 ], [ -47.15013065593844, -23.577159352324013, 0.0 ], [ -47.149657351080457, -23.57724304812762, 0.0 ], [ -47.149585127758627, -23.577261953666081, 0.0 ], [ -47.149493264576812, -23.577272063687225, 0.0 ], [ -47.148857564572111, -23.577384473728454, 0.0 ], [ -47.148108950510711, -23.577533163382032, 0.0 ], [ -47.146978793991451, -23.577548788807071, 0.0 ], [ -47.146928614162825, -23.577554310767777, 0.0 ], [ -47.146415604450993, -23.577688581270564, 0.0 ], [ -47.145861970020235, -23.577910061850094, 0.0 ], [ -47.145018554862737, -23.5780515236934, 0.0 ], [ -47.143458152548618, -23.578329387679215, 0.0 ], [ -47.142269015780577, -23.578651339603685, 0.0 ], [ -47.141598090127339, -23.57866059129331, 0.0 ], [ -47.141351321268175, -23.578704529360756, 0.0 ], [ -47.141061607900284, -23.578667986998212, 0.0 ], [ -47.14039182352537, -23.578677217746446, 0.0 ], [ -47.139344941897477, -23.578451447203602, 0.0 ], [ -47.137552476911218, -23.578225325400634, 0.0 ], [ -47.135576624702168, -23.578120975582117, 0.0 ], [ -47.135125603376174, -23.578127175676748, 0.0 ], [ -47.132494180866239, -23.577955816670176, 0.0 ], [ -47.131686493075556, -23.577597639711289, 0.0 ], [ -47.13067663097798, -23.577279213151382, 0.0 ], [ -47.129917422506367, -23.577247943802149, 0.0 ], [ -47.128125705524695, -23.577185700228632, 0.0 ], [ -47.127051373317713, -23.577200414665505, 0.0 ], [ -47.12600057796805, -23.57734386503002, 0.0 ], [ -47.125201745770092, -23.577502406975281, 0.0 ], [ -47.123330667734884, -23.577708316575794, 0.0 ], [ -47.123034157148389, -23.577748787750455, 0.0 ], [ -47.12301124517316, -23.577743465279628, 0.0 ], [ -47.122985261714589, -23.5777463249124, 0.0 ], [ -47.122171004565651, -23.577548298715737, 0.0 ], [ -47.121003273225263, -23.577277055695308, 0.0 ], [ -47.11945356192625, -23.577103933086807, 0.0 ], [ -47.119445012815802, -23.577102978040639, 0.0 ], [ -47.118694134630246, -23.577113220187986, 0.0 ], [ -47.118573411966103, -23.577193525260693, 0.0 ], [ -47.118574705188344, -23.577274082064083, 0.0 ], [ -47.118449748613052, -23.577275786210556, 0.0 ], [ -47.118282653494035, -23.577386938439481, 0.0 ], [ -47.118285253001169, -23.577548886127744, 0.0 ], [ -47.11812403988823, -23.577671530804047, 0.0 ], [ -47.117827183645957, -23.578137392671469, 0.0 ], [ -47.117740186895311, -23.5785096118443, 0.0 ], [ -47.117507665853118, -23.57863881229056, 0.0 ], [ -47.117477406309156, -23.578686297884843, 0.0 ], [ -47.117312171530706, -23.57874743812835, 0.0 ], [ -47.116846885483028, -23.579005972645625, 0.0 ], [ -47.116096842413192, -23.57919712749835, 0.0 ], [ -47.115851362666085, -23.579287956504757, 0.0 ], [ -47.115627638521374, -23.579316705452065, 0.0 ], [ -47.115126487452862, -23.579444423847963, 0.0 ], [ -47.114914404366516, -23.579408354281075, 0.0 ], [ -47.114728960504962, -23.579432182922449, 0.0 ], [ -47.113784008359303, -23.579214475202296, 0.0 ], [ -47.112189143847999, -23.578931039641265, 0.0 ], [ -47.110834768005716, -23.577841303523023, 0.0 ], [ -47.110646900189295, -23.57770695402354, 0.0 ], [ -47.110034587715163, -23.57771527166037, 0.0 ], [ -47.10942704213759, -23.578007972433873, 0.0 ], [ -47.10932137897337, -23.578070805304897, 0.0 ], [ -47.109176728363032, -23.578418616889049, 0.0 ], [ -47.109020916842859, -23.578655915550137, 0.0 ], [ -47.108909601197517, -23.579301601588813, 0.0 ], [ -47.108695075805336, -23.579477094681465, 0.0 ], [ -47.108486790442427, -23.580382569266661, 0.0 ], [ -47.108476565957304, -23.580526340326319, 0.0 ], [ -47.108481926729993, -23.580578236132993, 0.0 ], [ -47.108775925345945, -23.581536683639758, 0.0 ], [ -47.108803557204503, -23.583265543334271, 0.0 ], [ -47.108473887248408, -23.583613038824097, 0.0 ], [ -47.10783238837972, -23.584473496581978, 0.0 ], [ -47.108369669907759, -23.586183590844435, 0.0 ], [ -47.108282754912153, -23.586464580282389, 0.0 ], [ -47.108194038248207, -23.587423983204101, 0.0 ], [ -47.107917262774876, -23.58764617717047, 0.0 ], [ -47.10788588887764, -23.587747605851074, 0.0 ], [ -47.107604164334454, -23.587897530351601, 0.0 ], [ -47.107229966071678, -23.588197932891987, 0.0 ], [ -47.106545505299088, -23.588460894063505, 0.0 ], [ -47.106483436525558, -23.588484740007814, 0.0 ], [ -47.105915732928501, -23.588422854861541, 0.0 ], [ -47.104351670908386, -23.588328348560612, 0.0 ], [ -47.102687317511176, -23.588474317900793, 0.0 ], [ -47.101755751747774, -23.588756308727277, 0.0 ], [ -47.100978918251784, -23.588624132977579, 0.0 ], [ -47.100464564424087, -23.588669234470871, 0.0 ], [ -47.100178249578754, -23.588487896728047, 0.0 ], [ -47.099872862506444, -23.58843593368643, 0.0 ], [ -47.099550885918717, -23.588090553813156, 0.0 ], [ -47.098674373779282, -23.587535405504752, 0.0 ], [ -47.09814195156931, -23.587436326793362, 0.0 ], [ -47.096155308757155, -23.587310273023391, 0.0 ], [ -47.095949223493321, -23.587313054672453, 0.0 ], [ -47.094972991872375, -23.587326227705077, 0.0 ], [ -47.094617881119113, -23.587212704851208, 0.0 ], [ -47.093899088394267, -23.587167083575959, 0.0 ], [ -47.093490869540261, -23.586852410786101, 0.0 ], [ -47.093312123360242, -23.586795266482518, 0.0 ], [ -47.09270745889593, -23.586248516140564, 0.0 ], [ -47.091915377633462, -23.585637929884619, 0.0 ], [ -47.09188729085335, -23.585506891658483, 0.0 ], [ -47.091823787714546, -23.585449469780492, 0.0 ], [ -47.091776566436572, -23.584990325242273, 0.0 ], [ -47.091477338467719, -23.583594305975765, 0.0 ], [ -47.091016165114148, -23.58324386198472, 0.0 ], [ -47.089422929369547, -23.582128046153439, 0.0 ], [ -47.088213251667398, -23.581351879097031, 0.0 ], [ -47.086754106838313, -23.580329916992582, 0.0 ], [ -47.086505132762504, -23.580333261661906, 0.0 ], [ -47.085497004916263, -23.580568580246833, 0.0 ], [ -47.084676761655352, -23.581346309882573, 0.0 ], [ -47.084403905387752, -23.581646951507238, 0.0 ], [ -47.083886469046071, -23.582236010289137, 0.0 ], [ -47.083371741560974, -23.582934617850661, 0.0 ], [ -47.08152635595016, -23.582959360778514, 0.0 ], [ -47.080599379130071, -23.583059078102103, 0.0 ], [ -47.079622736707336, -23.583343009429601, 0.0 ], [ -47.079625812199794, -23.583538182355177, 0.0 ], [ -47.078126121436135, -23.5836965966507, 0.0 ], [ -47.076627514428388, -23.583924152938838, 0.0 ], [ -47.076024997906849, -23.583932207961087, 0.0 ], [ -47.075876576804994, -23.583934191838782, 0.0 ], [ -47.075291495706075, -23.582541669084268, 0.0 ], [ -47.075021549505863, -23.582033693933816, 0.0 ], [ -47.074224428063701, -23.581571525804609, 0.0 ], [ -47.07352181044655, -23.581240767039983, 0.0 ], [ -47.072050093763352, -23.580906245926858, 0.0 ], [ -47.070190272522929, -23.580551561528399, 0.0 ], [ -47.069601244707023, -23.580349586525099, 0.0 ], [ -47.068158994443344, -23.58002172226999, 0.0 ], [ -47.06783993325454, -23.579991452306718, 0.0 ], [ -47.066332460528933, -23.57995646229865, 0.0 ], [ -47.065381748654126, -23.580226780220471, 0.0 ], [ -47.064781461758223, -23.580485213484902, 0.0 ], [ -47.063764243230921, -23.580686673157292, 0.0 ], [ -47.063158559678207, -23.58085887875594, 0.0 ], [ -47.062369907294709, -23.580593107009811, 0.0 ], [ -47.062304490295915, -23.580587290672458, 0.0 ], [ -47.061294651726982, -23.580230742827755, 0.0 ], [ -47.060345130096394, -23.579910743718155, 0.0 ], [ -47.059974062609037, -23.5792862930772, 0.0 ], [ -47.059973456041497, -23.579284083651913, 0.0 ], [ -47.059955551495463, -23.57926728468102, 0.0 ], [ -47.059836502666158, -23.578786071703647, 0.0 ], [ -47.059663659281497, -23.578157543987039, 0.0 ], [ -47.059081570479222, -23.577662735646445, 0.0 ], [ -47.05798888708518, -23.577637312735707, 0.0 ], [ -47.057355535374207, -23.577950907045402, 0.0 ], [ -47.056628841105407, -23.578379754949147, 0.0 ], [ -47.056483446628711, -23.57838933898358, 0.0 ], [ -47.056238739868647, -23.578512863671644, 0.0 ], [ -47.054855205669064, -23.578337793591878, 0.0 ], [ -47.053895290504258, -23.578229598256009, 0.0 ], [ -47.053869555293595, -23.578213062777944, 0.0 ], [ -47.053726140774089, -23.578194914954064, 0.0 ], [ -47.053330939013755, -23.577866992490641, 0.0 ], [ -47.052186893687612, -23.577131912487662, 0.0 ], [ -47.051396857890239, -23.576143512382309, 0.0 ], [ -47.050543934098336, -23.575319050489664, 0.0 ], [ -47.04999392538199, -23.574903917166793, 0.0 ], [ -47.048104049868385, -23.573664165441226, 0.0 ], [ -47.047418663686202, -23.573234299221618, 0.0 ], [ -47.047055743191407, -23.572782152567633, 0.0 ], [ -47.045388400549719, -23.571019523958501, 0.0 ], [ -47.044320313920707, -23.570041758440816, 0.0 ], [ -47.043818529393732, -23.569359874923851, 0.0 ], [ -47.042917714951784, -23.568407517240669, 0.0 ], [ -47.042520902441183, -23.568186279854846, 0.0 ], [ -47.040605535564396, -23.56718190943446, 0.0 ], [ -47.039150429169823, -23.566482663208124, 0.0 ], [ -47.03846646538689, -23.56615811706487, 0.0 ], [ -47.037856289484942, -23.564748659172693, 0.0 ], [ -47.037697402219621, -23.564284899057416, 0.0 ], [ -47.037045855414426, -23.562723757493632, 0.0 ], [ -47.036722829234876, -23.562236195462329, 0.0 ], [ -47.035638138869572, -23.561901619845777, 0.0 ], [ -47.035332731514714, -23.561999852387057, 0.0 ], [ -47.033937831744659, -23.563225639210131, 0.0 ], [ -47.03271230476259, -23.565211219136017, 0.0 ], [ -47.032571205127432, -23.565443224051339, 0.0 ], [ -47.032221070485114, -23.566007088700896, 0.0 ], [ -47.032130765527263, -23.566153394803976, 0.0 ], [ -47.032129566191308, -23.566154448811293, 0.0 ], [ -47.031997012463194, -23.566367915351634, 0.0 ], [ -47.031809883406311, -23.566435353983493, 0.0 ], [ -47.031344548339746, -23.566844240424356, 0.0 ], [ -47.031277457300696, -23.566923768225493, 0.0 ], [ -47.031014039088753, -23.567574482829563, 0.0 ], [ -47.030893215184363, -23.568175019823116, 0.0 ], [ -47.030694835825209, -23.56836299034789, 0.0 ], [ -47.030664858468235, -23.56843703902701, 0.0 ], [ -47.030585259641498, -23.568466815523735, 0.0 ], [ -47.03058091610562, -23.568470931680704, 0.0 ], [ -47.029771447719689, -23.568815028169769, 0.0 ], [ -47.028937024981502, -23.569083368869421, 0.0 ], [ -47.028156568449667, -23.569375306726219, 0.0 ], [ -47.027521475659583, -23.569678206734661, 0.0 ], [ -47.026905739329266, -23.570535787304898, 0.0 ], [ -47.02614154835419, -23.571913777664687, 0.0 ], [ -47.025823860782772, -23.572886257621352, 0.0 ], [ -47.025679572188992, -23.573537727421591, 0.0 ], [ -47.025327108080972, -23.574167675645747, 0.0 ], [ -47.024954272949742, -23.574583423811333, 0.0 ], [ -47.02434535803215, -23.575424282078846, 0.0 ], [ -47.024054832635457, -23.575957096610015, 0.0 ], [ -47.02364170184169, -23.577221650012671, 0.0 ], [ -47.023548200218499, -23.577797441749507, 0.0 ], [ -47.023065278488623, -23.578224463422202, 0.0 ], [ -47.022932041319663, -23.578408444748192, 0.0 ], [ -47.022664541893548, -23.579227215853916, 0.0 ], [ -47.022579339538964, -23.579561048471486, 0.0 ], [ -47.022262835049744, -23.579921050817088, 0.0 ], [ -47.021500281845064, -23.580864894817996, 0.0 ], [ -47.021481536720145, -23.58177440076388, 0.0 ], [ -47.021493831312476, -23.582576875516526, 0.0 ], [ -47.021522570540903, -23.58445256181302, 0.0 ], [ -47.021526481611552, -23.584707805604832, 0.0 ], [ -47.021553228977183, -23.586453292243977, 0.0 ], [ -47.021216466910026, -23.58657897011495, 0.0 ], [ -47.021154414653438, -23.58669821915576, 0.0 ], [ -47.019752582276958, -23.587107186784166, 0.0 ], [ -47.019617822930442, -23.587187207559907, 0.0 ], [ -47.019621106668787, -23.587401685028837, 0.0 ], [ -47.019908151295724, -23.588448330410234, 0.0 ], [ -47.020650620495381, -23.589591804816532, 0.0 ], [ -47.022166852083295, -23.591430889518541, 0.0 ], [ -47.024440627765046, -23.591529849168165, 0.0 ], [ -47.026249487117944, -23.591506254187355, 0.0 ], [ -47.026777656018552, -23.591631526004225, 0.0 ], [ -47.026928870317327, -23.59163810431761, 0.0 ], [ -47.028049975194506, -23.591933286586407, 0.0 ], [ -47.028783574754328, -23.592107271330679, 0.0 ], [ -47.028786015838307, -23.592265952891982, 0.0 ], [ -47.028885825213017, -23.592556475115131, 0.0 ], [ -47.028797198821081, -23.592992879846513, 0.0 ], [ -47.028797662468058, -23.593023017640657, 0.0 ], [ -47.028594261882674, -23.593104197700736, 0.0 ], [ -47.027823032820166, -23.593473953394945, 0.0 ], [ -47.02772708246647, -23.593655079232207, 0.0 ], [ -47.026932604991273, -23.593875686315357, 0.0 ], [ -47.026898258774388, -23.593893299531171, 0.0 ], [ -47.026812461484035, -23.593981359708842, 0.0 ], [ -47.025839366546684, -23.595135828036593, 0.0 ], [ -47.025532608655858, -23.595758820197702, 0.0 ], [ -47.025426179026425, -23.596935515909152, 0.0 ], [ -47.025262862406699, -23.596937646521155, 0.0 ], [ -47.025261859046594, -23.596944272376401, 0.0 ], [ -47.025139743408261, -23.597422724907759, 0.0 ], [ -47.025148943186799, -23.598021606448885, 0.0 ], [ -47.025203755510681, -23.598142786955989, 0.0 ], [ -47.025153809425383, -23.598338475370774, 0.0 ], [ -47.025161436980021, -23.598835038405898, 0.0 ], [ -47.024673825268437, -23.598932392941986, 0.0 ], [ -47.023499756162039, -23.599489435434506, 0.0 ], [ -47.023356985472908, -23.59947356362807, 0.0 ], [ -47.023316455765453, -23.599482601635493, 0.0 ], [ -47.022841946115314, -23.599416303365281, 0.0 ], [ -47.022034557989151, -23.599326538990695, 0.0 ], [ -47.021958301617389, -23.599292836862762, 0.0 ], [ -47.021659999131188, -23.5992511557786, 0.0 ], [ -47.021286711793408, -23.599198996404148, 0.0 ], [ -47.020590703745441, -23.599292152662006, 0.0 ], [ -47.020590713388749, -23.599292781851833, 0.0 ], [ -47.020601357519048, -23.599309794631655, 0.0 ], [ -47.020737902411021, -23.599308016357234, 0.0 ], [ -47.020739979877973, -23.599443488939912, 0.0 ], [ -47.020886905237646, -23.599441575401002, 0.0 ], [ -47.020888980507522, -23.599576957710475, 0.0 ], [ -47.021035906995706, -23.599575044910388, 0.0 ], [ -47.02104213567209, -23.599981279337097, 0.0 ], [ -47.02118906259679, -23.599979366361307, 0.0 ], [ -47.021190889927894, -23.600098617203667, 0.0 ], [ -47.02102654579943, -23.600170001486124, 0.0 ], [ -47.020905603438365, -23.600171576038228, 0.0 ], [ -47.020861842564209, -23.600264948518205, 0.0 ], [ -47.020811943352982, -23.60037141697898, 0.0 ], [ -47.020717308470566, -23.600273037431087, 0.0 ], [ -47.020623246206696, -23.60017525259132, 0.0 ], [ -47.020558754894353, -23.600176092049761, 0.0 ], [ -47.020215902903416, -23.599830768762072, 0.0 ], [ -47.020050243910923, -23.599663605296207, 0.0 ], [ -47.020035583286869, -23.599564329011759, 0.0 ], [ -47.019997669469277, -23.599524915461114, 0.0 ], [ -47.020008172963358, -23.599378714382009, 0.0 ], [ -47.019979194119571, -23.599182482278806, 0.0 ], [ -47.02002230915771, -23.599181921249091, 0.0 ], [ -47.020032771246015, -23.599036280497394, 0.0 ], [ -47.020031216438227, -23.599023559121211, 0.0 ], [ -47.019954135350424, -23.59901278750981, 0.0 ], [ -47.019855007333248, -23.598341497855309, 0.0 ], [ -47.019842908976848, -23.597544813424374, 0.0 ], [ -47.019818369282248, -23.595928757297884, 0.0 ], [ -47.019810090182602, -23.595383478414711, 0.0 ], [ -47.019806038844656, -23.595116687650084, 0.0 ], [ -47.019795045737425, -23.595112806473097, 0.0 ], [ -47.019519931927704, -23.595116385283148, 0.0 ], [ -47.019401432663187, -23.594973829517997, 0.0 ], [ -47.018725632616686, -23.594735214595079, 0.0 ], [ -47.018237181620734, -23.594664238362689, 0.0 ], [ -47.018071346752585, -23.594694495621855, 0.0 ], [ -47.017796713472151, -23.59460023301035, 0.0 ], [ -47.017685161933152, -23.594584023037434, 0.0 ], [ -47.017006821340402, -23.59470672430707, 0.0 ], [ -47.016871074110895, -23.594879949927712, 0.0 ], [ -47.015860357451409, -23.5949991942658, 0.0 ], [ -47.014911956424307, -23.595599358007064, 0.0 ], [ -47.013870989609032, -23.596258085240439, 0.0 ], [ -47.013281148664916, -23.597090377800548, 0.0 ], [ -47.012729000588386, -23.597952741846804, 0.0 ], [ -47.012637895854084, -23.59799802488147, 0.0 ], [ -47.012570756986939, -23.598092757504507, 0.0 ], [ -47.011922315795957, -23.598353694138289, 0.0 ], [ -47.010982406276774, -23.598820855826844, 0.0 ], [ -47.010346168711081, -23.59886359423454, 0.0 ], [ -47.00987193535282, -23.598492772304684, 0.0 ], [ -47.009867383062875, -23.598489212436455, 0.0 ], [ -47.009046541014442, -23.59800908105159, 0.0 ], [ -47.008875278493186, -23.598028483036668, 0.0 ], [ -47.0085907246254, -23.598060910459978, 0.0 ], [ -47.00852152659553, -23.598007233804502, 0.0 ], [ -47.008008207230894, -23.598013874226407, 0.0 ], [ -47.007316020419317, -23.598160214198334, 0.0 ], [ -47.006803055435292, -23.598500833935365, 0.0 ], [ -47.006771008378735, -23.598619498793834, 0.0 ], [ -47.00677715674852, -23.599023430409247, 0.0 ], [ -47.006796346635007, -23.60028416152872, 0.0 ], [ -47.00654242914905, -23.602143676554586, 0.0 ], [ -47.006536913275227, -23.602304158259042, 0.0 ], [ -47.006519015309358, -23.602315140411882, 0.0 ], [ -47.006497556544481, -23.602472280723848, 0.0 ], [ -47.006257850878725, -23.602475379143055, 0.0 ], [ -47.006237552290024, -23.602487834220021, 0.0 ], [ -47.006239426290655, -23.602611026491658, 0.0 ], [ -47.006032406221635, -23.602613702108254, 0.0 ], [ -47.005379518109315, -23.603014283784514, 0.0 ], [ -47.005363954157104, -23.603024452847229, 0.0 ], [ -47.005364018128518, -23.603028657714418, 0.0 ], [ -47.00535738629948, -23.603028743395036, 0.0 ], [ -47.005218439812701, -23.603119524373717, 0.0 ], [ -47.005219145895602, -23.603165938600284, 0.0 ], [ -47.005145950793981, -23.603166884172271, 0.0 ], [ -47.005072924273236, -23.603214595789527, 0.0 ], [ -47.005074273361352, -23.603303219369078, 0.0 ], [ -47.004934512874371, -23.60330502471443, 0.0 ], [ -47.004927409497867, -23.603309667069368, 0.0 ], [ -47.004929401898863, -23.603440590292792, 0.0 ], [ -47.004722936770442, -23.603443257064807, 0.0 ], [ -47.004636379300749, -23.603499809259059, 0.0 ], [ -47.004637595362681, -23.603579768567251, 0.0 ], [ -47.004511499899863, -23.603581397060733, 0.0 ], [ -47.004441940226201, -23.603626843407344, 0.0 ], [ -47.004345051785911, -23.60367051992144, 0.0 ], [ -47.004345788177687, -23.603718946332325, 0.0 ], [ -47.004234434507268, -23.603720384241214, 0.0 ], [ -47.004053129769829, -23.603802116113417, 0.0 ], [ -47.004053981337258, -23.60385812447808, 0.0 ], [ -47.00392519558774, -23.603859787245149, 0.0 ], [ -47.003761206171184, -23.603933712708884, 0.0 ], [ -47.003762174227077, -23.603997391496375, 0.0 ], [ -47.003615751618867, -23.603999281699537, 0.0 ], [ -47.003327045216224, -23.604129426568935, 0.0 ], [ -47.003343331653362, -23.604409026106062, 0.0 ], [ -47.003474481765117, -23.604407333273549, 0.0 ], [ -47.00347654002568, -23.604542806330901, 0.0 ], [ -47.003623474602662, -23.604540909617047, 0.0 ], [ -47.003627590699828, -23.604811676033208, 0.0 ], [ -47.003480656801088, -23.604813572758758, 0.0 ], [ -47.003482715107751, -23.604949045808532, 0.0 ], [ -47.003484005558839, -23.605033939427354, 0.0 ], [ -47.002256353462869, -23.605475997149117, 0.0 ], [ -47.001433371674942, -23.60584697842474, 0.0 ], [ -47.00056183205767, -23.606384717492077, 0.0 ], [ -46.99975722307105, -23.606944663195854, 0.0 ], [ -46.999190366953833, -23.607374320541279, 0.0 ], [ -46.998590553101408, -23.608275438278458, 0.0 ], [ -46.998102945948851, -23.60909631700741, 0.0 ], [ -46.997259959816979, -23.61027437519569, 0.0 ], [ -46.996971952358713, -23.61070703650006, 0.0 ], [ -46.996547042358912, -23.611394840369186, 0.0 ], [ -46.996457343875782, -23.611395994425905, 0.0 ], [ -46.996257339595765, -23.611675488549608, 0.0 ], [ -46.996282719642899, -23.613350513424699, 0.0 ], [ -46.99630282929683, -23.613509912570674, 0.0 ], [ -46.996430266576461, -23.614827579210996, 0.0 ], [ -46.996431897094119, -23.614935172961221, 0.0 ], [ -46.996447757798556, -23.615981747508837, 0.0 ], [ -46.996459512938166, -23.616173157988555, 0.0 ], [ -46.996645662304125, -23.617698488010259, 0.0 ], [ -46.99625887158362, -23.620753624921232, 0.0 ], [ -46.996227587141263, -23.620958273969894, 0.0 ], [ -46.996109911250706, -23.622054902924024, 0.0 ], [ -46.995994535316377, -23.622482715398284, 0.0 ], [ -46.995756733743555, -23.624038201480232, 0.0 ], [ -46.995751162409022, -23.624327197019735, 0.0 ], [ -46.995763109393685, -23.624367896743916, 0.0 ], [ -46.996272430917315, -23.625866562220153, 0.0 ], [ -46.996634605879727, -23.626146028836423, 0.0 ], [ -46.996662034259529, -23.626174547713394, 0.0 ], [ -46.996814782881337, -23.626275702141001, 0.0 ], [ -46.996823002650267, -23.626341925893463, 0.0 ], [ -46.996890649891213, -23.626412264708094, 0.0 ], [ -46.997019134602297, -23.62648347068205, 0.0 ], [ -46.997156403450511, -23.626559561873837, 0.0 ], [ -46.997295279081399, -23.626635877831546, 0.0 ], [ -46.997454937150351, -23.626724739028614, 0.0 ], [ -46.997520042436676, -23.626760812811494, 0.0 ], [ -46.998389484958068, -23.627382999717501, 0.0 ], [ -46.998483212373699, -23.627443195349205, 0.0 ], [ -46.998530795259093, -23.627735810642005, 0.0 ], [ -46.99863941044633, -23.628148970689075, 0.0 ], [ -46.998755296669231, -23.629116392919922, 0.0 ], [ -46.998755300006067, -23.629116419060914, 0.0 ], [ -46.998988765888875, -23.630552085370436, 0.0 ], [ -46.999153642223582, -23.63134165388395, 0.0 ], [ -46.999304404151616, -23.632493005806946, 0.0 ], [ -46.999360204963665, -23.632836135394442, 0.0 ], [ -46.999351874476567, -23.632855527759389, 0.0 ], [ -46.999356286683948, -23.632889220224893, 0.0 ], [ -46.999184693035751, -23.633386171762968, 0.0 ], [ -46.999092704352911, -23.633458772258795, 0.0 ], [ -46.999070278665044, -23.633510969767073, 0.0 ], [ -46.998773911785477, -23.633710372829285, 0.0 ], [ -46.998122572428684, -23.634224425262534, 0.0 ], [ -46.997880202428867, -23.634311674701006, 0.0 ], [ -46.997864905713946, -23.634321967074257, 0.0 ], [ -46.997795033698416, -23.634342333756209, 0.0 ], [ -46.996982288163501, -23.634634905771172, 0.0 ], [ -46.996461394095284, -23.63473107597126, 0.0 ], [ -46.995250039970173, -23.635084161889402, 0.0 ], [ -46.99509644179625, -23.635214003896525, 0.0 ], [ -46.994565000491306, -23.635798597875073, 0.0 ], [ -46.994131386266204, -23.635885070215981, 0.0 ], [ -46.99406642137302, -23.635910975562282, 0.0 ], [ -46.993260606043144, -23.637454292129913, 0.0 ], [ -46.993274913261011, -23.638398851763974, 0.0 ], [ -46.993054960102754, -23.638890103802428, 0.0 ], [ -46.993044328483343, -23.638977589518706, 0.0 ], [ -46.992846795640304, -23.639355024535853, 0.0 ], [ -46.992755051528469, -23.639559926440914, 0.0 ], [ -46.992242208979647, -23.640510216471274, 0.0 ], [ -46.992242179409871, -23.640510270122249, 0.0 ], [ -46.991997317332043, -23.640978126421999, 0.0 ], [ -46.991551155721062, -23.64163814101061, 0.0 ], [ -46.991249694292023, -23.64253272522463, 0.0 ], [ -46.990996397116746, -23.64408854991898, 0.0 ], [ -46.990887029409414, -23.64532630013241, 0.0 ], [ -46.990144467748998, -23.645889916297339, 0.0 ], [ -46.990004268945064, -23.646040347773777, 0.0 ], [ -46.989020310592963, -23.647773176629123, 0.0 ], [ -46.988427031174908, -23.648999637886295, 0.0 ], [ -46.988353386786528, -23.649250210656447, 0.0 ], [ -46.987973298520913, -23.650659023264755, 0.0 ], [ -46.987909213240648, -23.650761448457224, 0.0 ], [ -46.987743347249086, -23.651325777436146, 0.0 ], [ -46.987554605861135, -23.651328198104856, 0.0 ], [ -46.987451821261409, -23.651492473209295, 0.0 ], [ -46.987453451779338, -23.651600364939515, 0.0 ], [ -46.987317221558854, -23.651707594863701, 0.0 ], [ -46.987016837487033, -23.652187676840494, 0.0 ], [ -46.986930634092758, -23.653091167059312, 0.0 ], [ -46.986943517276906, -23.653185870344533, 0.0 ], [ -46.987160251174593, -23.653695544953916, 0.0 ], [ -46.987611651834698, -23.654531126239295, 0.0 ], [ -46.987642026312841, -23.654828484495127, 0.0 ], [ -46.987930161148903, -23.655506053006135, 0.0 ], [ -46.986727963215877, -23.656946069736861, 0.0 ], [ -46.98667494284836, -23.657222292450513, 0.0 ], [ -46.986833292967688, -23.658479529737289, 0.0 ], [ -46.986980223867903, -23.658649593487624, 0.0 ], [ -46.98708812768681, -23.658774485850351, 0.0 ], [ -46.9877247755757, -23.659460889591507, 0.0 ], [ -46.9883749694445, -23.660107468873878, 0.0 ], [ -46.988388551020634, -23.66017653055199, 0.0 ], [ -46.988526185102813, -23.66032491776599, 0.0 ], [ -46.988644163099437, -23.661476238960351, 0.0 ], [ -46.988659479075714, -23.661554114980483, 0.0 ], [ -46.988462558069465, -23.662124177549522, 0.0 ], [ -46.988343192618352, -23.662549083479622, 0.0 ], [ -46.988221622410826, -23.663508762088966, 0.0 ], [ -46.98809399918288, -23.663510399957616, 0.0 ], [ -46.988060728251106, -23.663640557903317, 0.0 ], [ -46.98796003234218, -23.664595595733765, 0.0 ], [ -46.987946001382042, -23.664728665993032, 0.0 ], [ -46.987952184395425, -23.665137434700963, 0.0 ], [ -46.988138781334207, -23.666070319344144, 0.0 ], [ -46.988583721435589, -23.666415342840544, 0.0 ], [ -46.989116096617039, -23.666701882063933, 0.0 ], [ -46.990110478158073, -23.667143614230714, 0.0 ], [ -46.990735864928205, -23.667295396139313, 0.0 ], [ -46.990952984109882, -23.667325838488761, 0.0 ], [ -46.991044644880276, -23.667370336009146, 0.0 ], [ -46.991092906508037, -23.667382049207848, 0.0 ], [ -46.991315045356899, -23.667501601896685, 0.0 ], [ -46.992212466111354, -23.667937251002101, 0.0 ], [ -46.992701651043916, -23.668055966124381, 0.0 ], [ -46.992703652965069, -23.668187915627076, 0.0 ], [ -46.992828571737434, -23.668596070206686, 0.0 ], [ -46.993003890522374, -23.668593814473621, 0.0 ], [ -46.993206687315201, -23.669831486097021, 0.0 ], [ -46.993311182414125, -23.670172896359045, 0.0 ], [ -46.993900011435699, -23.67086001581217, 0.0 ], [ -46.994378976331454, -23.671322944891354, 0.0 ], [ -46.994371674358121, -23.671410403848174, 0.0 ], [ -46.994421407500525, -23.67146843979749, 0.0 ], [ -46.994338192473229, -23.671811398505032, 0.0 ], [ -46.99429007803338, -23.67238763645685, 0.0 ], [ -46.994029069981949, -23.673056456289384, 0.0 ], [ -46.993806176738218, -23.67388711999946, 0.0 ], [ -46.994397554218821, -23.674882533474655, 0.0 ], [ -46.994701747418787, -23.675282917760406, 0.0 ], [ -46.994856482344865, -23.675820469308228, 0.0 ], [ -46.995053385158251, -23.676366625450544, 0.0 ], [ -46.995457861959778, -23.677047405826809, 0.0 ], [ -46.996326584321125, -23.678500960601312, 0.0 ], [ -46.996264239910936, -23.679500763499828, 0.0 ], [ -46.996264237574159, -23.679500803257213, 0.0 ], [ -46.996246437787967, -23.680140336584223, 0.0 ], [ -46.996252348768834, -23.680529209720774, 0.0 ], [ -46.996286927697739, -23.681122455787204, 0.0 ], [ -46.99636919715455, -23.681304303850034, 0.0 ], [ -46.995958937890883, -23.682023282678436, 0.0 ], [ -46.995958891096706, -23.682023364542012, 0.0 ], [ -46.995548109710569, -23.682763166284918, 0.0 ], [ -46.9955603553054, -23.683569019568441, 0.0 ], [ -46.995743309549546, -23.684433370044797, 0.0 ], [ -46.996088963923199, -23.684720134335009, 0.0 ], [ -46.996527780621555, -23.685003249475976, 0.0 ], [ -46.996719902204553, -23.685243572777352, 0.0 ], [ -46.996805476703628, -23.685314566727715, 0.0 ], [ -46.997554436848461, -23.686287467844238, 0.0 ], [ -46.997866634134361, -23.686677979883367, 0.0 ], [ -46.997483137437833, -23.687211457864564, 0.0 ], [ -46.997446774234731, -23.687270445267075, 0.0 ], [ -46.997430409022947, -23.687284807448759, 0.0 ], [ -46.997094932267629, -23.687751481245993, 0.0 ], [ -46.996114851374344, -23.68843929500024, 0.0 ], [ -46.995504472948809, -23.688974932191858, 0.0 ], [ -46.99498006011072, -23.689643875504046, 0.0 ], [ -46.994371160283244, -23.690483678504194, 0.0 ], [ -46.994677260352994, -23.692254575760874, 0.0 ], [ -46.995102946187643, -23.693624604644899, 0.0 ], [ -46.995421721665913, -23.694508624042459, 0.0 ], [ -46.995479456627024, -23.694566014092487, 0.0 ], [ -46.996630682073182, -23.695678505651525, 0.0 ], [ -46.997329229275088, -23.696081242188193, 0.0 ], [ -46.998013773049777, -23.696344657786366, 0.0 ], [ -46.998168035626541, -23.696564835681261, 0.0 ], [ -46.998422657602624, -23.696711631581369, 0.0 ], [ -46.998622022583454, -23.697212803525119, 0.0 ], [ -46.998819377334165, -23.697494482401243, 0.0 ], [ -46.999094484440597, -23.698623592795734, 0.0 ], [ -46.999195667876307, -23.698991748843639, 0.0 ], [ -46.9995490603118, -23.699753408849006, 0.0 ], [ -46.99991366171848, -23.700241631930428, 0.0 ], [ -46.999854736764476, -23.700412221516828, 0.0 ], [ -46.999876942441787, -23.700460081976974, 0.0 ], [ -46.999748153482265, -23.700720780819807, 0.0 ], [ -46.99938109237668, -23.701783416826562, 0.0 ], [ -46.998793488542027, -23.702549157566324, 0.0 ], [ -46.998278883962506, -23.703475903923295, 0.0 ], [ -46.997787947434702, -23.705061987421807, 0.0 ], [ -46.997705687164874, -23.705368518301896, 0.0 ], [ -46.997735392879711, -23.707318953216614, 0.0 ], [ -46.997739786217636, -23.707607395724988, 0.0 ], [ -46.997912352213561, -23.709093193095089, 0.0 ], [ -46.998078908050232, -23.709588445977221, 0.0 ], [ -46.999205389466717, -23.710564438336149, 0.0 ], [ -46.999671398628273, -23.710903731457922, 0.0 ], [ -47.000118944148738, -23.711057573871692, 0.0 ], [ -47.001389729255777, -23.71144242854, 0.0 ], [ -47.001504006048179, -23.711533677297894, 0.0 ], [ -47.001550099543479, -23.711549522429532, 0.0 ], [ -47.002228782625885, -23.712112402521168, 0.0 ], [ -47.003141216876053, -23.712840957433603, 0.0 ], [ -47.003438020660994, -23.713115293022316, 0.0 ], [ -47.005318431180022, -23.714674772543454, 0.0 ], [ -47.005242208511909, -23.715612731108198, 0.0 ], [ -47.005287754313258, -23.715826087392518, 0.0 ], [ -47.005309488008315, -23.717247005748195, 0.0 ], [ -47.005079156840466, -23.717619123330536, 0.0 ], [ -47.005051526880578, -23.717959106371236, 0.0 ], [ -47.004772027198648, -23.71811531033374, 0.0 ], [ -47.004706458331626, -23.718221239933722, 0.0 ], [ -47.003867302704748, -23.718620924573344, 0.0 ], [ -47.002514156962512, -23.719377129073305, 0.0 ], [ -47.003357867535435, -23.720472672185647, 0.0 ], [ -47.004011138596702, -23.721243195203044, 0.0 ], [ -47.004012350999346, -23.721322493449964, 0.0 ], [ -47.004248000451994, -23.721628472472325, 0.0 ], [ -47.003989047383882, -23.723023352694547, 0.0 ], [ -47.003875322912442, -23.724485290193066, 0.0 ], [ -47.003696423841113, -23.724599567356059, 0.0 ], [ -47.003690297873014, -23.724632564128871, 0.0 ], [ -47.003326450595544, -23.724835896502771, 0.0 ], [ -47.002830181147978, -23.725152897690887, 0.0 ], [ -47.002209374344631, -23.725460152823562, 0.0 ], [ -47.00129032913523, -23.725973734005745, 0.0 ], [ -47.001117058338174, -23.727618470563502, 0.0 ], [ -47.00109408214955, -23.72844566139301, 0.0 ], [ -47.002007043744413, -23.73030008244244, 0.0 ], [ -47.002299187005846, -23.730844574699834, 0.0 ], [ -47.002512258735145, -23.731360854275792, 0.0 ], [ -47.003077206001819, -23.732549634586896, 0.0 ], [ -47.003536534559501, -23.733322253209376, 0.0 ], [ -47.00401525672121, -23.733948971732058, 0.0 ], [ -47.004354026531509, -23.734697298929905, 0.0 ], [ -47.004463478643643, -23.734881399579542, 0.0 ], [ -47.004488891036488, -23.734995205353069, 0.0 ], [ -47.004654885905524, -23.735361875063969, 0.0 ], [ -47.004861324729774, -23.736663139927842, 0.0 ], [ -47.005152482752372, -23.737967041081472, 0.0 ], [ -47.005429865989235, -23.738768185229013, 0.0 ], [ -47.005955176950167, -23.739756456406234, 0.0 ], [ -47.005955434704049, -23.739756763652174, 0.0 ], [ -47.005955472672404, -23.739756809206341, 0.0 ], [ -47.007019990587494, -23.740969006190088, 0.0 ], [ -47.008309800012583, -23.742338971540903, 0.0 ], [ -47.008311341282869, -23.742439462990177, 0.0 ], [ -47.008393051746815, -23.742532504735234, 0.0 ], [ -47.008325524212765, -23.743364169672645, 0.0 ], [ -47.008346094290779, -23.744705225559084, 0.0 ], [ -47.007835822593037, -23.747305173385918, 0.0 ], [ -47.007835811697284, -23.747305230409033, 0.0 ], [ -47.007601420118377, -23.748656981290104, 0.0 ], [ -47.007610934403949, -23.748819803323915, 0.0 ], [ -47.007933192199602, -23.751337421236414, 0.0 ], [ -47.007875587839393, -23.753349150665716, 0.0 ], [ -47.007990216871079, -23.755310799871587, 0.0 ], [ -47.00735836681347, -23.756960551285051, 0.0 ], [ -47.006823985986188, -23.758507347305489, 0.0 ], [ -47.006544614779258, -23.758673020682327, 0.0 ], [ -47.00623378933453, -23.759101602077902, 0.0 ], [ -47.006693908397295, -23.759698821654666, 0.0 ], [ -47.007367609867181, -23.76039366026334, 0.0 ], [ -47.007689135970438, -23.761240709577013, 0.0 ], [ -47.007931149176294, -23.761695917236, 0.0 ], [ -47.010217249244484, -23.763590920389944, 0.0 ], [ -47.011236664890923, -23.764319408851492, 0.0 ], [ -47.011368465661128, -23.765605477057033, 0.0 ], [ -47.011701907218281, -23.76709782026251, 0.0 ], [ -47.012027971195444, -23.767916701687046, 0.0 ], [ -47.012651819477497, -23.769318406434341, 0.0 ], [ -47.012617034567313, -23.769396063102057, 0.0 ], [ -47.012631968058415, -23.769433566261885, 0.0 ], [ -47.012557962956912, -23.769527941728771, 0.0 ], [ -47.012353243457483, -23.769984977725066, 0.0 ], [ -47.011568130959354, -23.770285707185572, 0.0 ], [ -47.010876864528001, -23.770597040930976, 0.0 ], [ -47.011472032599229, -23.772374344026527, 0.0 ], [ -47.011570614478124, -23.77264589818196, 0.0 ], [ -47.011566373791815, -23.772656062955264, 0.0 ], [ -47.011647503945696, -23.772898332086434, 0.0 ], [ -47.011329858720309, -23.773222927370995, 0.0 ], [ -47.011173465882102, -23.773597758438385, 0.0 ], [ -47.010342940513056, -23.773821603097883, 0.0 ], [ -47.008980163017142, -23.77433053608787, 0.0 ], [ -47.008614815411939, -23.774577758273676, 0.0 ], [ -47.0082985543891, -23.775180549976927, 0.0 ], [ -47.008061129037145, -23.778192091783886, 0.0 ], [ -47.008059539031187, -23.778241930566367, 0.0 ], [ -47.008655160857103, -23.779014884373137, 0.0 ], [ -47.009102168844151, -23.779494186029929, 0.0 ], [ -47.009342957767053, -23.780263050384086, 0.0 ], [ -47.010104287285664, -23.781989580298529, 0.0 ], [ -47.010932554190198, -23.782803882036344, 0.0 ], [ -47.011311678589934, -23.783036742801691, 0.0 ], [ -47.011852176408276, -23.783319689641868, 0.0 ], [ -47.013694388671773, -23.784090579277745, 0.0 ], [ -47.014220234450356, -23.784255565449445, 0.0 ], [ -47.014355671644772, -23.784367289913053, 0.0 ], [ -47.014860069693306, -23.784578352072344, 0.0 ], [ -47.015922178837101, -23.785745103727837, 0.0 ], [ -47.017146263474771, -23.787057393637696, 0.0 ], [ -47.018021089292645, -23.788610608635889, 0.0 ], [ -47.018228440101353, -23.788938573412878, 0.0 ], [ -47.018761957329453, -23.788976140814334, 0.0 ], [ -47.020472468679529, -23.789096573273113, 0.0 ], [ -47.021168370604663, -23.789183252789389, 0.0 ], [ -47.021648328440854, -23.789205761081323, 0.0 ], [ -47.02186028295111, -23.789269432443572, 0.0 ], [ -47.022535645072651, -23.78935354794119, 0.0 ], [ -47.022986819752866, -23.789607843319743, 0.0 ], [ -47.023452471348698, -23.78974772250201, 0.0 ], [ -47.023549275078018, -23.789924856629373, 0.0 ], [ -47.023816204818779, -23.790075303177407, 0.0 ], [ -47.023920506651031, -23.790604147667999, 0.0 ], [ -47.02415268790466, -23.791028997437188, 0.0 ], [ -47.024749874220852, -23.791285986901968, 0.0 ], [ -47.024988641609959, -23.791312074650108, 0.0 ], [ -47.026273163545433, -23.791271072564271, 0.0 ], [ -47.026922013650854, -23.791170547208981, 0.0 ], [ -47.02762766070888, -23.791387275039355, 0.0 ], [ -47.029168312164934, -23.791775695148146, 0.0 ], [ -47.030429968091276, -23.791985154548428, 0.0 ], [ -47.03077813716417, -23.792028498067697, 0.0 ], [ -47.031214444698776, -23.792014554528652, 0.0 ], [ -47.032490456183297, -23.791629396000879, 0.0 ], [ -47.033915290759701, -23.790604622025196, 0.0 ], [ -47.034524841477221, -23.790123803677837, 0.0 ], [ -47.035285014041939, -23.789619458457281, 0.0 ], [ -47.035922121364685, -23.789161215195666, 0.0 ], [ -47.036561491789058, -23.788676922660439, 0.0 ], [ -47.037673513856667, -23.789136318658048, 0.0 ], [ -47.037959135780177, -23.789222088037526, 0.0 ], [ -47.038685925133272, -23.789311539105679, 0.0 ], [ -47.040349836788209, -23.789289544756539, 0.0 ], [ -47.040702160171413, -23.789152580424041, 0.0 ], [ -47.042221580020559, -23.788507443228593, 0.0 ], [ -47.042311645961881, -23.788526884269352, 0.0 ], [ -47.042351578712058, -23.788511360940028, 0.0 ], [ -47.042637655034916, -23.788597255485303, 0.0 ], [ -47.043461267116186, -23.788775032196678, 0.0 ], [ -47.043947166207957, -23.788990430682365, 0.0 ], [ -47.044433464496144, -23.789136437225761, 0.0 ], [ -47.044766652245777, -23.78923107422564, 0.0 ], [ -47.045321549138457, -23.789223718566184, 0.0 ], [ -47.046049524841756, -23.789687402301489, 0.0 ], [ -47.046569131835177, -23.790093432228108, 0.0 ], [ -47.047274048966074, -23.79057105050062, 0.0 ], [ -47.047655589856333, -23.790797682316882, 0.0 ], [ -47.049152700676146, -23.791625815111722, 0.0 ], [ -47.050621872714679, -23.792372039462862, 0.0 ], [ -47.051778384702793, -23.793563741512799, 0.0 ], [ -47.051862925336685, -23.793642401931347, 0.0 ], [ -47.052267022645815, -23.793878576909457, 0.0 ], [ -47.053096571281785, -23.794183499221855, 0.0 ], [ -47.054161487889381, -23.794149316539361, 0.0 ], [ -47.055482385587808, -23.794034431356412, 0.0 ], [ -47.057050053434025, -23.792787434093057, 0.0 ], [ -47.057518822592215, -23.792280212508761, 0.0 ], [ -47.058644780059559, -23.792005384051063, 0.0 ], [ -47.059495995090096, -23.79173859156996, 0.0 ], [ -47.060609017959791, -23.791022434016963, 0.0 ], [ -47.060893418763023, -23.790815174762031, 0.0 ], [ -47.061168336549976, -23.790736822456836, 0.0 ], [ -47.062634794691263, -23.790277174140439, 0.0 ], [ -47.063970145436791, -23.78972418300669, 0.0 ], [ -47.06416948208102, -23.789635382988905, 0.0 ], [ -47.065176571816195, -23.789155429109627, 0.0 ], [ -47.065550798118608, -23.788676477711153, 0.0 ], [ -47.066502595843808, -23.787426828376372, 0.0 ], [ -47.067339455495897, -23.787342940313888, 0.0 ], [ -47.068250673578753, -23.787193877116099, 0.0 ], [ -47.068419220805666, -23.787085411492331, 0.0 ], [ -47.069504893984174, -23.786294103027338, 0.0 ], [ -47.070217932837892, -23.785811207455673, 0.0 ], [ -47.070914346288973, -23.785887093869583, 0.0 ], [ -47.071335077105886, -23.785798223618908, 0.0 ], [ -47.071607005926538, -23.785962568835405, 0.0 ], [ -47.071764934710323, -23.785979776804851, 0.0 ], [ -47.072479616567563, -23.786489941064961, 0.0 ], [ -47.072698097939913, -23.786621981106883, 0.0 ], [ -47.07269794778739, -23.786645791342888, 0.0 ], [ -47.072806278506988, -23.78672311994951, 0.0 ], [ -47.07282429615929, -23.787858869289778, 0.0 ], [ -47.072685957204818, -23.788546901723016, 0.0 ], [ -47.072679505000863, -23.789569819734911, 0.0 ], [ -47.073147447261768, -23.789623537279319, 0.0 ], [ -47.07407154613616, -23.789729615998905, 0.0 ], [ -47.074862210170629, -23.789661031218866, 0.0 ], [ -47.075101345996664, -23.7898478201971, 0.0 ], [ -47.075385825936102, -23.789880473514309, 0.0 ], [ -47.075454323553259, -23.790123527742402, 0.0 ], [ -47.075538187421799, -23.790189033603532, 0.0 ], [ -47.075759098726529, -23.791132720619835, 0.0 ], [ -47.075858998036786, -23.791559464995508, 0.0 ], [ -47.075990428573498, -23.792025823678756, 0.0 ], [ -47.076531255686959, -23.792958094673736, 0.0 ], [ -47.077010684255775, -23.79372490929622, 0.0 ], [ -47.077624905633797, -23.794159692139218, 0.0 ], [ -47.079463412886895, -23.795389202722934, 0.0 ], [ -47.080829590739214, -23.796077765682288, 0.0 ], [ -47.081505091439467, -23.796356575800129, 0.0 ], [ -47.081693513408162, -23.796518133889517, 0.0 ], [ -47.082567230082589, -23.797046055547135, 0.0 ], [ -47.082783972128652, -23.797453112181781, 0.0 ], [ -47.082883176606721, -23.797538171513409, 0.0 ], [ -47.082976362561475, -23.797814434896367, 0.0 ], [ -47.083439360746368, -23.79868396973233, 0.0 ], [ -47.083365241621543, -23.798967315527481, 0.0 ], [ -47.083423554234464, -23.799140186899312, 0.0 ], [ -47.082915799748925, -23.800685432875152, 0.0 ], [ -47.08285290059176, -23.800925874445216, 0.0 ], [ -47.082921050360504, -23.802712325601814, 0.0 ], [ -47.082972250278608, -23.80312222986781, 0.0 ], [ -47.082400510726053, -23.803897092729585, 0.0 ], [ -47.081545389626697, -23.805238492972787, 0.0 ], [ -47.082111785042422, -23.805724672414808, 0.0 ], [ -47.082502810280346, -23.805968530207078, 0.0 ], [ -47.08262177413971, -23.806179473577373, 0.0 ], [ -47.082700530902379, -23.806252717807187, 0.0 ], [ -47.082772209138803, -23.806446219247338, 0.0 ], [ -47.083032654716106, -23.806908028379986, 0.0 ], [ -47.083186307117792, -23.807564118636225, 0.0 ], [ -47.083413217301043, -23.808176676703045, 0.0 ], [ -47.084147977660471, -23.808492464348895, 0.0 ], [ -47.084604097332793, -23.808590767830367, 0.0 ], [ -47.08506091783908, -23.809160824243286, 0.0 ], [ -47.085078763808475, -23.809177420084421, 0.0 ], [ -47.085544389173556, -23.809240709730105, 0.0 ], [ -47.085845734365066, -23.809236632658081, 0.0 ], [ -47.08589743861689, -23.809288695480642, 0.0 ], [ -47.085899927693518, -23.809289034683609, 0.0 ], [ -47.086991298830959, -23.809236771693417, 0.0 ], [ -47.087344811157678, -23.809863535211743, 0.0 ], [ -47.087458169713784, -23.809968945194399, 0.0 ], [ -47.087457586609325, -23.810063481794142, 0.0 ], [ -47.087512437338887, -23.810160729402018, 0.0 ], [ -47.087455481751689, -23.810403885307991, 0.0 ], [ -47.087442948233452, -23.812432325197278, 0.0 ], [ -47.088089526042872, -23.812718662334781, 0.0 ], [ -47.088647965603059, -23.812912619041679, 0.0 ], [ -47.090324589805917, -23.813414961595633, 0.0 ], [ -47.090924721210413, -23.813779321109166, 0.0 ], [ -47.091337671445089, -23.813968007105011, 0.0 ], [ -47.091975845482203, -23.814038730293859, 0.0 ], [ -47.092822767106298, -23.814132583835079, 0.0 ], [ -47.093565152349498, -23.814173568918562, 0.0 ], [ -47.095184072663592, -23.813639061909154, 0.0 ], [ -47.095738842861969, -23.813383817251232, 0.0 ], [ -47.097291554154211, -23.813064108025415, 0.0 ], [ -47.097426465441892, -23.813056824059554, 0.0 ], [ -47.098965245299738, -23.812724032424558, 0.0 ], [ -47.099130589513663, -23.812503400674185, 0.0 ], [ -47.099533306467848, -23.81260117300771, 0.0 ], [ -47.099683532109204, -23.812568682538576, 0.0 ], [ -47.100541866681958, -23.813149677323608, 0.0 ], [ -47.100964991104469, -23.81340075138554, 0.0 ], [ -47.101291381499742, -23.813657006822698, 0.0 ], [ -47.101938021951689, -23.814094697830566, 0.0 ], [ -47.102375843391606, -23.814282787529287, 0.0 ], [ -47.102576850851314, -23.814228079798564, 0.0 ], [ -47.102772338658973, -23.814370651279098, 0.0 ], [ -47.103220313237294, -23.814239234656572, 0.0 ], [ -47.105671783119, -23.813487353013791, 0.0 ], [ -47.105952282678111, -23.813207499189641, 0.0 ], [ -47.107181049364101, -23.813736422656184, 0.0 ], [ -47.108285944175883, -23.814067565352929, 0.0 ], [ -47.108411566916708, -23.814203123541876, 0.0 ], [ -47.108545414141176, -23.814253703475931, 0.0 ], [ -47.109719675273126, -23.815614664786974, 0.0 ], [ -47.110640668993184, -23.816608457216891, 0.0 ], [ -47.11125986570886, -23.816874419885821, 0.0 ], [ -47.111366446979417, -23.816864039222537, 0.0 ], [ -47.111435947569824, -23.816949307057506, 0.0 ], [ -47.111915116134824, -23.816933747290914, 0.0 ], [ -47.112680804918149, -23.816811972065061, 0.0 ], [ -47.113620161944134, -23.81650170555551, 0.0 ], [ -47.113982906800068, -23.816301438756774, 0.0 ], [ -47.114362650967053, -23.816299796039306, 0.0 ], [ -47.115518260206386, -23.816075743929357, 0.0 ], [ -47.115538352718609, -23.81599468272378, 0.0 ], [ -47.115629478111074, -23.815046255892938, 0.0 ], [ -47.116177139847885, -23.814527137300324, 0.0 ], [ -47.116956246390139, -23.813611545398302, 0.0 ], [ -47.116933260302766, -23.813013106162977, 0.0 ], [ -47.116831556032317, -23.81136063700108, 0.0 ], [ -47.11686606028384, -23.811263529474708, 0.0 ], [ -47.116859170257939, -23.811084126489423, 0.0 ], [ -47.117191781649026, -23.810346836792544, 0.0 ], [ -47.11750196131193, -23.809473875362816, 0.0 ], [ -47.117825620609999, -23.808941804913964, 0.0 ], [ -47.118065609348811, -23.808409811591869, 0.0 ], [ -47.118247063715849, -23.808248978408514, 0.0 ], [ -47.118442690158417, -23.807927377978821, 0.0 ], [ -47.118632580017547, -23.807907267640026, 0.0 ], [ -47.118942711775496, -23.807632375903527, 0.0 ], [ -47.119372919256534, -23.807828861311883, 0.0 ], [ -47.119626834347763, -23.807801968840671, 0.0 ], [ -47.119853961918061, -23.8080485616887, 0.0 ], [ -47.120261701960651, -23.80823478206899, 0.0 ], [ -47.120484989604286, -23.808733662440382, 0.0 ], [ -47.120679564411432, -23.808944908779775, 0.0 ], [ -47.121099377801116, -23.810106343323145, 0.0 ], [ -47.12131100311683, -23.810579156126078, 0.0 ], [ -47.122880743468038, -23.810930783857636, 0.0 ], [ -47.122938956926681, -23.810826439422659, 0.0 ], [ -47.123601846741657, -23.810980889003101, 0.0 ], [ -47.123877399276495, -23.810471541185834, 0.0 ], [ -47.124809667515876, -23.808633983667722, 0.0 ], [ -47.124866716631118, -23.808297626507976, 0.0 ], [ -47.125988258936118, -23.806196860319215, 0.0 ], [ -47.126405105698325, -23.806257602545671, 0.0 ], [ -47.126561807898256, -23.806176576763441, 0.0 ], [ -47.126919126628913, -23.806216398371451, 0.0 ], [ -47.127264988562793, -23.806133752232867, 0.0 ], [ -47.128190696874832, -23.80568783542871, 0.0 ], [ -47.129781171880168, -23.804663503269165, 0.0 ], [ -47.129884511291742, -23.804587964679488, 0.0 ], [ -47.130130651664011, -23.804398243793148, 0.0 ], [ -47.130453639381351, -23.804304461672764, 0.0 ], [ -47.130940232914526, -23.804078893174506, 0.0 ], [ -47.131053057433824, -23.80413041407542, 0.0 ], [ -47.131400050593442, -23.804029658921529, 0.0 ], [ -47.131582176541613, -23.804372027197545, 0.0 ], [ -47.131809216584735, -23.804475701423751, 0.0 ], [ -47.132141476666817, -23.804569850180073, 0.0 ], [ -47.132410141035628, -23.804566136287317, 0.0 ], [ -47.132439532021813, -23.804609985557903, 0.0 ], [ -47.132785595392335, -23.804615990400283, 0.0 ], [ -47.132978273225277, -23.804806958407692, 0.0 ], [ -47.13309046468526, -23.804838748883292, 0.0 ], [ -47.133306673249997, -23.805132443202012, 0.0 ], [ -47.133596015690749, -23.805419215396533, 0.0 ], [ -47.134039919043168, -23.806128469021843, 0.0 ], [ -47.134194643283003, -23.806338642664354, 0.0 ], [ -47.134767541676752, -23.806584636952643, 0.0 ], [ -47.135067957369884, -23.806585789041822, 0.0 ], [ -47.135089185732156, -23.806608522592157, 0.0 ], [ -47.136370589009076, -23.806590775785207, 0.0 ], [ -47.13660954282328, -23.806591689365341, 0.0 ], [ -47.136797069836454, -23.806585568970675, 0.0 ], [ -47.136798512227237, -23.806584846585242, 0.0 ], [ -47.136834413004884, -23.806584349098809, 0.0 ], [ -47.137577003349342, -23.806560108311281, 0.0 ], [ -47.138621149976039, -23.806009077483065, 0.0 ], [ -47.140078240974475, -23.805070515420866, 0.0 ], [ -47.141110283224364, -23.804260526479194, 0.0 ], [ -47.141675849718695, -23.804252673056407, 0.0 ], [ -47.142699907368019, -23.804053918853608, 0.0 ], [ -47.14345232163042, -23.80356922161339, 0.0 ], [ -47.143543095227791, -23.80348144963315, 0.0 ], [ -47.143725557671104, -23.803474791089926, 0.0 ], [ -47.145949978269002, -23.80319324505081, 0.0 ], [ -47.146627935451491, -23.802524016835683, 0.0 ], [ -47.146748650392539, -23.802333273040489, 0.0 ], [ -47.147080719609015, -23.802099334554526, 0.0 ], [ -47.147648849155757, -23.801581662225686, 0.0 ], [ -47.148056277323022, -23.800587378932466, 0.0 ], [ -47.148258906621393, -23.799971141063597, 0.0 ], [ -47.14829770944899, -23.79999818178009, 0.0 ], [ -47.148310523529645, -23.799966909225656, 0.0 ], [ -47.148483653175397, -23.800127761999544, 0.0 ], [ -47.148709508987281, -23.800285156185179, 0.0 ], [ -47.148867295129236, -23.800484202104666, 0.0 ], [ -47.149397066526141, -23.80097640401117, 0.0 ], [ -47.149525698781225, -23.801012838516215, 0.0 ], [ -47.150041454566363, -23.801005649415778, 0.0 ], [ -47.150060560330537, -23.801025894246823, 0.0 ], [ -47.150399403212191, -23.801045890268856, 0.0 ], [ -47.150528516993148, -23.801296878761612, 0.0 ], [ -47.150779038813859, -23.801367837268828, 0.0 ], [ -47.150908479918328, -23.802035493033969, 0.0 ], [ -47.151109059099838, -23.802425397782592, 0.0 ], [ -47.151120667235098, -23.80312994547403, 0.0 ], [ -47.151224284899172, -23.803664396789117, 0.0 ], [ -47.151554768574712, -23.804098656895444, 0.0 ], [ -47.152423742112425, -23.804679103283796, 0.0 ], [ -47.154152238610195, -23.80496459201845, 0.0 ], [ -47.154498857845844, -23.805016966693106, 0.0 ], [ -47.154800470868125, -23.805007086371873, 0.0 ], [ -47.157040101711097, -23.804933710114117, 0.0 ], [ -47.157695563655189, -23.804235174420437, 0.0 ], [ -47.158451622009856, -23.803266289124906, 0.0 ], [ -47.158993916309917, -23.802448982556637, 0.0 ], [ -47.15931390338973, -23.801977516179974, 0.0 ], [ -47.159785011559315, -23.802185896211121, 0.0 ], [ -47.160050605508623, -23.802187160948531, 0.0 ], [ -47.160177535910314, -23.802359516494466, 0.0 ], [ -47.160234674879504, -23.802384789470672, 0.0 ], [ -47.160717785143213, -23.803093097028036, 0.0 ], [ -47.160717800231481, -23.803093119387015, 0.0 ], [ -47.16133726842974, -23.803934255670939, 0.0 ], [ -47.161744382484493, -23.804326328923118, 0.0 ], [ -47.164246495496123, -23.806471674911297, 0.0 ], [ -47.165247006642559, -23.8071602756571, 0.0 ], [ -47.166082018300003, -23.808112551458642, 0.0 ], [ -47.166314356940781, -23.808328352329482, 0.0 ], [ -47.167031763553609, -23.808568390342696, 0.0 ], [ -47.167081295258967, -23.808571284689023, 0.0 ], [ -47.167095707942181, -23.8085897847951, 0.0 ], [ -47.167123646356863, -23.808599131671425, 0.0 ], [ -47.168140756084796, -23.808633210154738, 0.0 ], [ -47.168250721091837, -23.808639637480624, 0.0 ], [ -47.168257675733798, -23.808637127368016, 0.0 ], [ -47.168624281901373, -23.808649408532862, 0.0 ], [ -47.169647957024473, -23.808392624185711, 0.0 ], [ -47.170159266441154, -23.80820795660162, 0.0 ], [ -47.171339446968396, -23.808532396700262, 0.0 ], [ -47.172187565612873, -23.808710013247069, 0.0 ], [ -47.173078072054977, -23.808875992535189, 0.0 ], [ -47.173359469792871, -23.809731617274057, 0.0 ], [ -47.173359481125281, -23.809731649615465, 0.0 ], [ -47.173592763011797, -23.810360100677595, 0.0 ], [ -47.17366255013458, -23.810664148341136, 0.0 ], [ -47.173825599150241, -23.811169540182298, 0.0 ], [ -47.173943333154419, -23.811887454757272, 0.0 ], [ -47.174113235247972, -23.812627667724861, 0.0 ], [ -47.174531813723839, -23.81298648670322, 0.0 ], [ -47.175090535483285, -23.813254026748076, 0.0 ], [ -47.176509845197273, -23.813551208228134, 0.0 ], [ -47.176535500252264, -23.813556578861007, 0.0 ], [ -47.176596315973825, -23.813569312924624, 0.0 ], [ -47.176614622116944, -23.813568091169476, 0.0 ], [ -47.177234266610398, -23.813658246681275, 0.0 ], [ -47.177256148279014, -23.813655008036644, 0.0 ], [ -47.178633557678928, -23.813375110464683, 0.0 ], [ -47.179731674552038, -23.813021009324526, 0.0 ], [ -47.18055378198077, -23.813001247484419, 0.0 ], [ -47.181387367032364, -23.813602323407924, 0.0 ], [ -47.181813611860775, -23.813859439763149, 0.0 ], [ -47.182055724831656, -23.814084250586088, 0.0 ], [ -47.182486162286501, -23.814394618955006, 0.0 ], [ -47.182521569827792, -23.814516802696108, 0.0 ], [ -47.182840636391454, -23.814813063978693, 0.0 ], [ -47.182712491579537, -23.815175619789059, 0.0 ], [ -47.182737098025562, -23.815260527853773, 0.0 ], [ -47.182466176878243, -23.815872508171918, 0.0 ], [ -47.182131774151728, -23.816818607934533, 0.0 ], [ -47.181990210661326, -23.816947651092132, 0.0 ], [ -47.181962422612081, -23.817010419299645, 0.0 ], [ -47.181319693298086, -23.817558856745492, 0.0 ], [ -47.180317647687744, -23.818472252313882, 0.0 ], [ -47.179634726225245, -23.819217008467888, 0.0 ], [ -47.178953805666985, -23.819715402830212, 0.0 ], [ -47.178806576324931, -23.819849601772248, 0.0 ], [ -47.17856258945325, -23.820001748267543, 0.0 ], [ -47.177999487722332, -23.820413899407999, 0.0 ], [ -47.17719726535605, -23.820853133449688, 0.0 ], [ -47.17621078612774, -23.821468264732992, 0.0 ], [ -47.175402040952861, -23.822266814973929, 0.0 ], [ -47.175174440842561, -23.822803763015926, 0.0 ], [ -47.17505811562129, -23.823244433131332, 0.0 ], [ -47.175010318643508, -23.824654416431926, 0.0 ], [ -47.175548130892828, -23.826203272984401, 0.0 ], [ -47.175548444317663, -23.826204000736663, 0.0 ], [ -47.175794288406998, -23.826765681950661, 0.0 ], [ -47.176244790311458, -23.828209533222026, 0.0 ], [ -47.176245251201493, -23.828210863770359, 0.0 ], [ -47.176960657698899, -23.828324554989827, 0.0 ], [ -47.177030222566181, -23.828320111731138, 0.0 ], [ -47.177034966110924, -23.828336362948004, 0.0 ], [ -47.17717152789232, -23.828358064499259, 0.0 ], [ -47.178719141250497, -23.828266103880019, 0.0 ], [ -47.179648989081556, -23.82803281650196, 0.0 ], [ -47.180678249445158, -23.827712328702429, 0.0 ], [ -47.180941188507781, -23.827708607503883, 0.0 ], [ -47.181211709370224, -23.827640733534295, 0.0 ], [ -47.181484372160327, -23.82770091877261, 0.0 ], [ -47.182275936393687, -23.827875639834833, 0.0 ], [ -47.183241098595374, -23.828051494885312, 0.0 ], [ -47.183429370383138, -23.828130227729986, 0.0 ], [ -47.183563448371842, -23.82815982127223, 0.0 ], [ -47.184261549870918, -23.828478230144327, 0.0 ], [ -47.185050997367561, -23.82880835606224, 0.0 ], [ -47.185506780859569, -23.829046176352723, 0.0 ], [ -47.186363285914034, -23.829436817653324, 0.0 ], [ -47.186890646604731, -23.82952378064541, 0.0 ], [ -47.187548964509077, -23.829632336553534, 0.0 ], [ -47.187891324203342, -23.829586483062595, 0.0 ], [ -47.188668804881594, -23.830040459470201, 0.0 ], [ -47.18926944835232, -23.830314385167068, 0.0 ], [ -47.189331379568571, -23.830427334953658, 0.0 ], [ -47.189430325686097, -23.830485108553617, 0.0 ], [ -47.189540722796231, -23.830809135191409, 0.0 ], [ -47.189842826839325, -23.831360108040148, 0.0 ], [ -47.189784587695726, -23.831524893515464, 0.0 ], [ -47.189828310970881, -23.831653221920288, 0.0 ], [ -47.18949967761494, -23.832331032803708, 0.0 ], [ -47.189314859436571, -23.832853959832242, 0.0 ], [ -47.191035979698519, -23.83313771847337, 0.0 ], [ -47.192710163067773, -23.833378159965783, 0.0 ], [ -47.193396250773141, -23.833743374460841, 0.0 ], [ -47.19396568413427, -23.83400304402042, 0.0 ], [ -47.194075412973042, -23.834104897038447, 0.0 ], [ -47.194619145806811, -23.834394326047221, 0.0 ], [ -47.195451707124626, -23.835382391115868, 0.0 ], [ -47.196066316799993, -23.835952869285443, 0.0 ], [ -47.196201815385486, -23.837051254606745, 0.0 ], [ -47.196334931157061, -23.837978113001881, 0.0 ], [ -47.196337901614022, -23.838154392518256, 0.0 ], [ -47.196583520861395, -23.840145338573464, 0.0 ], [ -47.196942045243276, -23.841381680344035, 0.0 ], [ -47.198324035979127, -23.841898177678857, 0.0 ], [ -47.199101432047243, -23.842155492549264, 0.0 ], [ -47.199744687604692, -23.842432602639271, 0.0 ], [ -47.201341904143653, -23.843041345254569, 0.0 ], [ -47.202104677414646, -23.843106557782839, 0.0 ], [ -47.202725491026939, -23.843159630152385, 0.0 ], [ -47.202809045086497, -23.843166774281432, 0.0 ], [ -47.202834255045381, -23.843162893723477, 0.0 ], [ -47.203467743206978, -23.843181899903666, 0.0 ], [ -47.203973192711054, -23.843096961628181, 0.0 ], [ -47.204449886763804, -23.843673782386404, 0.0 ], [ -47.205441336049645, -23.844593841775183, 0.0 ], [ -47.206647116757381, -23.845110741228439, 0.0 ], [ -47.206817790439032, -23.84518245925296, 0.0 ], [ -47.207577003810158, -23.845157317040687, 0.0 ], [ -47.209657967759526, -23.845088385997197, 0.0 ], [ -47.210198838885262, -23.84501184113843, 0.0 ], [ -47.211147013079739, -23.845451106606411, 0.0 ], [ -47.213471414592611, -23.846388486385969, 0.0 ], [ -47.213570215454411, -23.846385207444477, 0.0 ], [ -47.213734920672337, -23.84627877623771, 0.0 ], [ -47.213963771851887, -23.846379486907335, 0.0 ], [ -47.21435151219832, -23.84638118957562, 0.0 ], [ -47.214955913557773, -23.845991555891803, 0.0 ], [ -47.215366092769202, -23.845686207929315, 0.0 ], [ -47.213583795256184, -23.842939919459678, 0.0 ], [ -47.213080032567504, -23.842184174277353, 0.0 ], [ -47.212567837226871, -23.840169100457601, 0.0 ], [ -47.212528923049128, -23.840031634396144, 0.0 ], [ -47.212524079486293, -23.839996946509036, 0.0 ], [ -47.212412182621051, -23.839556711466667, 0.0 ], [ -47.212348812540483, -23.838741940649115, 0.0 ], [ -47.212144606153984, -23.837279684260068, 0.0 ], [ -47.212232925615389, -23.837251911792244, 0.0 ], [ -47.212212880480706, -23.83699417459842, 0.0 ], [ -47.212450392877685, -23.836990763607876, 0.0 ], [ -47.212667469409119, -23.837003591787578, 0.0 ], [ -47.212691718206749, -23.836987297483539, 0.0 ], [ -47.213092736126839, -23.836981536879208, 0.0 ], [ -47.213362638663448, -23.836896663442179, 0.0 ], [ -47.213996837601314, -23.836584518293193, 0.0 ], [ -47.21483512576367, -23.836062507055743, 0.0 ], [ -47.216102808667706, -23.834810209879695, 0.0 ], [ -47.216486097150664, -23.834294519263231, 0.0 ], [ -47.216715526174234, -23.832856600887389, 0.0 ], [ -47.216716896382216, -23.832486567206761, 0.0 ], [ -47.217372696796652, -23.832332924069714, 0.0 ], [ -47.218281426007309, -23.83204712382134, 0.0 ], [ -47.218662408797236, -23.831493895845444, 0.0 ], [ -47.219107081666714, -23.830634504073561, 0.0 ], [ -47.218926580357589, -23.829883794408001, 0.0 ], [ -47.218594753747205, -23.828860203087746, 0.0 ], [ -47.21929455816867, -23.828986153308428, 0.0 ], [ -47.219516203646272, -23.829067320157687, 0.0 ], [ -47.220271167092427, -23.829233758518164, 0.0 ], [ -47.220402939166533, -23.829392038849843, 0.0 ], [ -47.220436754689352, -23.829404421713935, 0.0 ], [ -47.221643273778383, -23.830821615335477, 0.0 ], [ -47.221737508886378, -23.830995049880119, 0.0 ], [ -47.222465613306149, -23.831869589119947, 0.0 ], [ -47.222703498041604, -23.831912076887846, 0.0 ], [ -47.222963695350728, -23.831918716754871, 0.0 ], [ -47.222970093004221, -23.831959691356296, 0.0 ], [ -47.223005468515332, -23.831966009634964, 0.0 ], [ -47.224092629079692, -23.831950319838715, 0.0 ], [ -47.224105950688582, -23.831928287307541, 0.0 ], [ -47.22493514054144, -23.829772412073865, 0.0 ], [ -47.225025748487617, -23.829507018610393, 0.0 ], [ -47.225404882934548, -23.827972007329482, 0.0 ], [ -47.22562717807763, -23.826926374791245, 0.0 ], [ -47.226028880106071, -23.826273811387505, 0.0 ], [ -47.226469683061239, -23.825455333184681, 0.0 ], [ -47.226934254951551, -23.824803006945775, 0.0 ], [ -47.227158202976227, -23.824439191292615, 0.0 ], [ -47.227279374793916, -23.824318403152528, 0.0 ], [ -47.227548201083678, -23.823940925646308, 0.0 ], [ -47.227753816279545, -23.823845458516818, 0.0 ], [ -47.228077286012606, -23.823523006881491, 0.0 ], [ -47.229130925349089, -23.823206057468667, 0.0 ], [ -47.229543338305923, -23.823014567425737, 0.0 ], [ -47.230178467783539, -23.822890933543128, 0.0 ], [ -47.2304796382614, -23.822800332877623, 0.0 ], [ -47.231801412693798, -23.822574997846768, 0.0 ], [ -47.23338110795752, -23.822267464168547, 0.0 ], [ -47.23485258315177, -23.821656263671819, 0.0 ], [ -47.235642963986599, -23.821249376992867, 0.0 ], [ -47.235142343112152, -23.820388948178223, 0.0 ], [ -47.233813724000903, -23.818266214951596, 0.0 ], [ -47.23379895374385, -23.818079968794663, 0.0 ], [ -47.233633376323866, -23.817795372142943, 0.0 ], [ -47.23375015064893, -23.817464583351899, 0.0 ], [ -47.233734255499861, -23.817264144535347, 0.0 ], [ -47.233975885825082, -23.81682513411786, 0.0 ], [ -47.234237942394159, -23.816082781530419, 0.0 ], [ -47.234415160533992, -23.816027021662357, 0.0 ], [ -47.234489649469211, -23.815891682519659, 0.0 ], [ -47.235218272607895, -23.815774323218154, 0.0 ], [ -47.235575028774917, -23.815662068726066, 0.0 ], [ -47.23562534490533, -23.815708754124881, 0.0 ], [ -47.235659965950816, -23.815703177467199, 0.0 ], [ -47.236892431313514, -23.816879336459255, 0.0 ], [ -47.236934573933638, -23.816923483086612, 0.0 ], [ -47.238459910720586, -23.818338677306759, 0.0 ], [ -47.239152089163802, -23.818894914511553, 0.0 ], [ -47.239152110060303, -23.818894931360862, 0.0 ], [ -47.240990310939019, -23.820192721252205, 0.0 ], [ -47.241429236601661, -23.820485479775478, 0.0 ], [ -47.242840985245564, -23.820884345488491, 0.0 ], [ -47.243347465471338, -23.821002301854772, 0.0 ], [ -47.244733488765782, -23.821470694903248, 0.0 ], [ -47.244733521343022, -23.821470706164902, 0.0 ], [ -47.246808214160296, -23.822135415934241, 0.0 ], [ -47.247496298339165, -23.822329796579726, 0.0 ], [ -47.248007062523214, -23.822455921393306, 0.0 ], [ -47.248751101512518, -23.822671905013369, 0.0 ], [ -47.250313988414455, -23.822998341733786, 0.0 ], [ -47.251015123154716, -23.823100605560896, 0.0 ], [ -47.251459613490404, -23.823085760092876, 0.0 ], [ -47.251475985708161, -23.823078129875817, 0.0 ], [ -47.252237136084517, -23.823059785961348, 0.0 ], [ -47.252308639297461, -23.823057396750766, 0.0 ], [ -47.253726157395022, -23.822359173944601, 0.0 ], [ -47.254008530731937, -23.822200047746261, 0.0 ], [ -47.25474991461396, -23.821830914045869, 0.0 ], [ -47.256787645153061, -23.820754884042081, 0.0 ], [ -47.258169061249212, -23.820668128440481, 0.0 ], [ -47.259153048748118, -23.820537679335796, 0.0 ], [ -47.259743662021691, -23.820650836771335, 0.0 ], [ -47.260029545264167, -23.82067344557116, 0.0 ], [ -47.260860950819776, -23.820805443660394, 0.0 ], [ -47.261530202645453, -23.820993112690182, 0.0 ], [ -47.262369132542076, -23.821153831054744, 0.0 ], [ -47.262404689223054, -23.821088090136808, 0.0 ], [ -47.262971388084893, -23.821269206222034, 0.0 ], [ -47.263097626861203, -23.821293390346383, 0.0 ], [ -47.263707500814775, -23.82003714996166, 0.0 ], [ -47.26440601059462, -23.819262744539351, 0.0 ], [ -47.264627111995864, -23.818985590699707, 0.0 ], [ -47.264790465626085, -23.818836511807113, 0.0 ], [ -47.264991348346662, -23.818613799225535, 0.0 ], [ -47.265119054480998, -23.818536636825993, 0.0 ], [ -47.265687659793876, -23.818017713885546, 0.0 ], [ -47.266002295449915, -23.818002956877191, 0.0 ], [ -47.266255470594935, -23.817849979569679, 0.0 ], [ -47.26809144042204, -23.817722655315542, 0.0 ], [ -47.270828436578462, -23.817776515853911, 0.0 ], [ -47.274515143137698, -23.817603435460363, 0.0 ], [ -47.274876684682454, -23.817425278753635, 0.0 ], [ -47.275373968793993, -23.817035657489157, 0.0 ], [ -47.275442472023727, -23.815257874021768, 0.0 ], [ -47.275376964489112, -23.812083338351737, 0.0 ], [ -47.275681734452711, -23.811242380586588, 0.0 ], [ -47.275984398883864, -23.810078509137348, 0.0 ], [ -47.276133461950067, -23.809995899044196, 0.0 ], [ -47.276149778314746, -23.809950875475593, 0.0 ], [ -47.278828424074227, -23.808502311886478, 0.0 ], [ -47.279647085968932, -23.808048581133246, 0.0 ], [ -47.281084126299319, -23.806396927323576, 0.0 ], [ -47.281113295671105, -23.806391238992354, 0.0 ], [ -47.281302047195048, -23.806177217391127, 0.0 ], [ -47.282285271847748, -23.806162667416359, 0.0 ], [ -47.282611743254336, -23.806098995310958, 0.0 ], [ -47.283731138811561, -23.80610344656964, 0.0 ], [ -47.284466770634161, -23.806078728220829, 0.0 ], [ -47.285782994023343, -23.805729281743414, 0.0 ], [ -47.286742370075906, -23.805036793721786, 0.0 ], [ -47.287178329447116, -23.804628366223525, 0.0 ], [ -47.287342081989827, -23.804603907152789, 0.0 ], [ -47.28747788405915, -23.804505882901843, 0.0 ], [ -47.287672414062961, -23.804554567399023, 0.0 ], [ -47.287693845563382, -23.804551366022416, 0.0 ], [ -47.288727983379815, -23.804802277541668, 0.0 ], [ -47.289141769454588, -23.804922295480246, 0.0 ], [ -47.290188245934893, -23.805184181716573, 0.0 ], [ -47.290220183874155, -23.805183107026121, 0.0 ], [ -47.290470558153721, -23.805059785740706, 0.0 ], [ -47.290885714114957, -23.805148273007607, 0.0 ], [ -47.291805647334328, -23.804843201606214, 0.0 ], [ -47.292554940563022, -23.804534461850903, 0.0 ], [ -47.292696363929352, -23.804547811760298, 0.0 ], [ -47.292769635519591, -23.804523512339344, 0.0 ], [ -47.292828026074801, -23.804504148370558, 0.0 ], [ -47.292993916014922, -23.804553651788975, 0.0 ], [ -47.29310296150215, -23.804586193402443, 0.0 ], [ -47.293550253862612, -23.804628413866975, 0.0 ], [ -47.293699546526796, -23.804648476081098, 0.0 ], [ -47.29397336907968, -23.804845929601825, 0.0 ], [ -47.294052466724331, -23.804869533644268, 0.0 ], [ -47.295325613722667, -23.805821015478884, 0.0 ], [ -47.295462006577772, -23.805919365642808, 0.0 ], [ -47.296591873075961, -23.806599034486528, 0.0 ], [ -47.297039338489988, -23.807101723689389, 0.0 ], [ -47.297761678259278, -23.807641531603654, 0.0 ], [ -47.30007776953159, -23.808370192339321, 0.0 ], [ -47.300083534647847, -23.808364715067924, 0.0 ], [ -47.300229499472053, -23.80841792527097, 0.0 ], [ -47.300630166866938, -23.808543974539482, 0.0 ], [ -47.302477396542294, -23.806716607571051, 0.0 ], [ -47.303014698435923, -23.806141082589292, 0.0 ], [ -47.303661651316169, -23.805584525068262, 0.0 ], [ -47.30526679872878, -23.804118698094111, 0.0 ], [ -47.305511092843837, -23.803993454550941, 0.0 ], [ -47.305761096539968, -23.803778372424308, 0.0 ], [ -47.308984709377754, -23.802212548653511, 0.0 ], [ -47.309563062253694, -23.801916017775042, 0.0 ], [ -47.310301383642553, -23.801382894274649, 0.0 ], [ -47.311272153321006, -23.800313935775563, 0.0 ], [ -47.312181744862137, -23.798709829891632, 0.0 ], [ -47.312829755492842, -23.79746709747679, 0.0 ], [ -47.313121689078038, -23.797052150171286, 0.0 ], [ -47.313326715648714, -23.796690558631475, 0.0 ], [ -47.314016213256622, -23.795326656368363, 0.0 ], [ -47.314111138926734, -23.795068895613817, 0.0 ], [ -47.314683498731966, -23.79473491767693, 0.0 ], [ -47.315664863183123, -23.794121590143391, 0.0 ], [ -47.315816526757715, -23.794073773910362, 0.0 ], [ -47.316253854479228, -23.793818581546898, 0.0 ], [ -47.317015777185915, -23.793695671341105, 0.0 ], [ -47.317069761952105, -23.793678650622663, 0.0 ], [ -47.317727467477717, -23.793253831741804, 0.0 ], [ -47.318003930333198, -23.792757493966221, 0.0 ], [ -47.317922747017406, -23.792550346242457, 0.0 ], [ -47.317332641438114, -23.791231817958533, 0.0 ], [ -47.31688811569154, -23.790851453569868, 0.0 ], [ -47.315341830631915, -23.789715527485608, 0.0 ], [ -47.313334593486786, -23.789354293916105, 0.0 ], [ -47.309903561373275, -23.788768883415287, 0.0 ], [ -47.309394314862196, -23.788683063931146, 0.0 ], [ -47.307928634789079, -23.788540476807668, 0.0 ], [ -47.307532417531, -23.788501928329687, 0.0 ], [ -47.306751862621745, -23.788497654763535, 0.0 ], [ -47.30648725358229, -23.788400238584167, 0.0 ], [ -47.30629221670776, -23.788381261526755, 0.0 ], [ -47.306066491667657, -23.78824533217967, 0.0 ], [ -47.305263613482843, -23.787949743508761, 0.0 ], [ -47.304853222169228, -23.787514704678234, 0.0 ], [ -47.304368374560354, -23.787222726256619, 0.0 ], [ -47.304309831676576, -23.786938673142878, 0.0 ], [ -47.304263758564311, -23.786889831446459, 0.0 ], [ -47.303784217037773, -23.784388299242803, 0.0 ], [ -47.303006258132832, -23.780613293058284, 0.0 ], [ -47.302825013497269, -23.780348047205191, 0.0 ], [ -47.301674195700095, -23.778687970836803, 0.0 ], [ -47.302711471316954, -23.777457680173864, 0.0 ], [ -47.302984592321017, -23.777098277917847, 0.0 ], [ -47.303779047892036, -23.777335353168109, 0.0 ], [ -47.303871934054044, -23.777332367818161, 0.0 ], [ -47.304086844129422, -23.777427200927111, 0.0 ], [ -47.305188090073585, -23.77775581565081, 0.0 ], [ -47.305173210853468, -23.777573652740415, 0.0 ], [ -47.305576871319786, -23.777719371189452, 0.0 ], [ -47.30577667832231, -23.776767885327352, 0.0 ], [ -47.305683035145535, -23.775631409085825, 0.0 ], [ -47.305068563624751, -23.773295177100135, 0.0 ], [ -47.304761998438437, -23.772204785112599, 0.0 ], [ -47.303738874499565, -23.770189668085436, 0.0 ], [ -47.303254323681969, -23.769377695453258, 0.0 ], [ -47.302923907171291, -23.76787989676858, 0.0 ], [ -47.30277254956178, -23.767346213735998, 0.0 ], [ -47.301925375382389, -23.766447389035449, 0.0 ], [ -47.301149403992603, -23.765682933471769, 0.0 ], [ -47.301268107949177, -23.765531313057895, 0.0 ], [ -47.301269351464995, -23.76525977376134, 0.0 ], [ -47.301501627981828, -23.765233038267262, 0.0 ], [ -47.301701752792503, -23.764977418168897, 0.0 ], [ -47.302712301755236, -23.76496234968057, 0.0 ], [ -47.303923067033352, -23.7649442870188, 0.0 ], [ -47.303929845978082, -23.764897582679282, 0.0 ], [ -47.304393104591881, -23.764900195912404, 0.0 ], [ -47.30449482756292, -23.764888485471559, 0.0 ], [ -47.304832557191112, -23.763517138068977, 0.0 ], [ -47.303761311638702, -23.762761143472851, 0.0 ], [ -47.303367467007092, -23.762539956894777, 0.0 ], [ -47.302997566623212, -23.762222147108229, 0.0 ], [ -47.302119265917476, -23.761602294278433, 0.0 ], [ -47.302080544153505, -23.761434250233638, 0.0 ], [ -47.302039426557904, -23.76139892160586, 0.0 ], [ -47.301901066212899, -23.760655354898571, 0.0 ], [ -47.301761330944956, -23.760048928842249, 0.0 ], [ -47.301179017406319, -23.759709811511854, 0.0 ], [ -47.300147683243885, -23.759191418880526, 0.0 ], [ -47.298443341751621, -23.757898306785254, 0.0 ], [ -47.298217612387703, -23.75742537920863, 0.0 ], [ -47.298159773317799, -23.757371734709107, 0.0 ], [ -47.298045800610822, -23.757065412398767, 0.0 ], [ -47.297635082485662, -23.756204898489258, 0.0 ], [ -47.297589798593947, -23.755839820205825, 0.0 ], [ -47.297563756340658, -23.75576982817584, 0.0 ], [ -47.29731383344366, -23.75651980844053, 0.0 ], [ -47.297276913303236, -23.756900897822462, 0.0 ], [ -47.297201224459165, -23.756747612288152, 0.0 ], [ -47.297131179034764, -23.756867927335122, 0.0 ], [ -47.297049531094814, -23.75644040209189, 0.0 ], [ -47.29698344901049, -23.756306570720358, 0.0 ], [ -47.29671264522635, -23.75467708001457, 0.0 ], [ -47.296712715513976, -23.754676725988546, 0.0 ], [ -47.296659947271564, -23.754400412627675, 0.0 ], [ -47.29690811323642, -23.753696123917695, 0.0 ], [ -47.296935235712525, -23.753560008027293, 0.0 ], [ -47.297010946984464, -23.753404280993195, 0.0 ], [ -47.297220492133818, -23.752809583183865, 0.0 ], [ -47.297460649485913, -23.751298068283063, 0.0 ], [ -47.297457206918132, -23.751101967790245, 0.0 ], [ -47.297829558351907, -23.748865396451468, 0.0 ], [ -47.298136656347943, -23.748573663257243, 0.0 ], [ -47.298722221790101, -23.747750139427975, 0.0 ], [ -47.299355245511734, -23.747416023250725, 0.0 ], [ -47.29953067786689, -23.747249363544331, 0.0 ], [ -47.300714997728313, -23.746698317826507, 0.0 ], [ -47.302151673608314, -23.745939988924636, 0.0 ], [ -47.303281014480611, -23.745124313945876, 0.0 ], [ -47.304686461903081, -23.744074302380909, 0.0 ], [ -47.306217974138079, -23.741846067184568, 0.0 ], [ -47.306223420330106, -23.741797263865227, 0.0 ], [ -47.306509769639355, -23.738940461372611, 0.0 ], [ -47.306486184762754, -23.737601379780546, 0.0 ], [ -47.308383306171329, -23.735346050859778, 0.0 ], [ -47.310145424717852, -23.733283607047156, 0.0 ], [ -47.310256454095992, -23.733159421135664, 0.0 ], [ -47.311155169098249, -23.732099725126396, 0.0 ], [ -47.311216405347203, -23.732085713075758, 0.0 ], [ -47.311298584688323, -23.731993793776287, 0.0 ], [ -47.31177809731907, -23.731957176889779, 0.0 ], [ -47.312799815573733, -23.731723364707104, 0.0 ], [ -47.313215405714423, -23.731847409812442, 0.0 ], [ -47.313370920839041, -23.731835532792029, 0.0 ], [ -47.314686053336125, -23.732286357707256, 0.0 ], [ -47.316244639751915, -23.732751533336948, 0.0 ], [ -47.31866613871545, -23.732965122279818, 0.0 ], [ -47.318877767179558, -23.732961947160479, 0.0 ], [ -47.320164145137539, -23.732032549056587, 0.0 ], [ -47.320681226013477, -23.73149831387822, 0.0 ], [ -47.320962635598107, -23.730175648331066, 0.0 ], [ -47.321117364615802, -23.728787715219006, 0.0 ], [ -47.320597516031519, -23.727660930040276, 0.0 ], [ -47.320057735899034, -23.726645038290286, 0.0 ], [ -47.319963982094052, -23.724566333564766, 0.0 ], [ -47.319930442076867, -23.724319640340116, 0.0 ], [ -47.320805744964517, -23.723519708478026, 0.0 ], [ -47.320988768929887, -23.723489450221297, 0.0 ], [ -47.321133465944172, -23.723376136724507, 0.0 ], [ -47.322867527811013, -23.72317883092575, 0.0 ], [ -47.322908593113375, -23.723172040864984, 0.0 ], [ -47.323660072793963, -23.722428000905069, 0.0 ], [ -47.324293155146279, -23.721606018122873, 0.0 ], [ -47.324774085845711, -23.720654063776124, 0.0 ], [ -47.325331568968309, -23.7187635901156, 0.0 ], [ -47.325632509070537, -23.717394970170663, 0.0 ], [ -47.325934247005016, -23.715675937874973, 0.0 ], [ -47.326853688020464, -23.71386752513542, 0.0 ], [ -47.327105210977237, -23.713307324643836, 0.0 ], [ -47.327159255203412, -23.713266505799151, 0.0 ], [ -47.327295813382186, -23.71299790787328, 0.0 ], [ -47.32755769617615, -23.712965559621093, 0.0 ], [ -47.327761331080893, -23.712811750865971, 0.0 ], [ -47.328195270634332, -23.712886802424187, 0.0 ], [ -47.328490908614619, -23.712850282868153, 0.0 ], [ -47.330140726644892, -23.713223261738214, 0.0 ], [ -47.331948434049629, -23.713535874010105, 0.0 ], [ -47.332569800306565, -23.713619414320821, 0.0 ], [ -47.334541141047282, -23.713848223619664, 0.0 ], [ -47.335524042105185, -23.713600406688748, 0.0 ], [ -47.336435666299984, -23.713333715229105, 0.0 ], [ -47.338299855188275, -23.712253890518618, 0.0 ], [ -47.338830927963997, -23.711916438302715, 0.0 ], [ -47.339809790842388, -23.711996291449992, 0.0 ], [ -47.340474484202169, -23.711940099505046, 0.0 ], [ -47.340862026235769, -23.712082122448955, 0.0 ], [ -47.341512044145091, -23.712135140647565, 0.0 ], [ -47.341724869735771, -23.712792628279129, 0.0 ], [ -47.342159930056518, -23.713785576540896, 0.0 ], [ -47.342611348592385, -23.714076903119341, 0.0 ], [ -47.344027046253551, -23.71488419838246, 0.0 ], [ -47.346066172087909, -23.715442787218286, 0.0 ], [ -47.346727661259102, -23.715619919055552, 0.0 ], [ -47.350590657600222, -23.715131353808065, 0.0 ], [ -47.352212662018111, -23.714173667728279, 0.0 ], [ -47.352780167013137, -23.713800716029191, 0.0 ], [ -47.353332182837221, -23.713126388815645, 0.0 ], [ -47.354625782031619, -23.711498498297747, 0.0 ], [ -47.356390074679126, -23.708750295920314, 0.0 ], [ -47.356533553614113, -23.708521804099085, 0.0 ], [ -47.35739467655339, -23.70671597536267, 0.0 ], [ -47.357679616021493, -23.705992767905162, 0.0 ], [ -47.357530837426005, -23.704195608865991, 0.0 ], [ -47.357305583753494, -23.703191354170269, 0.0 ], [ -47.35855554829191, -23.701934538213614, 0.0 ], [ -47.359506320912509, -23.700830703021651, 0.0 ], [ -47.359707346425715, -23.700776398228587, 0.0 ], [ -47.359727440072135, -23.700756194409191, 0.0 ], [ -47.360347141926418, -23.700603563408517, 0.0 ], [ -47.362156982067773, -23.700114636258927, 0.0 ], [ -47.363244229808593, -23.699593525612254, 0.0 ], [ -47.363643618026785, -23.698328459080223, 0.0 ], [ -47.363695064539549, -23.698102942212341, 0.0 ], [ -47.363564867407845, -23.696047489700039, 0.0 ], [ -47.363482919018558, -23.695058025894451, 0.0 ], [ -47.363499846912582, -23.695020956268092, 0.0 ], [ -47.363498185385829, -23.694994729041071, 0.0 ], [ -47.364279032404596, -23.693314507526438, 0.0 ], [ -47.364640898847973, -23.692521988939582, 0.0 ], [ -47.365720018752548, -23.690934873922192, 0.0 ], [ -47.367532761999044, -23.688256897536899, 0.0 ], [ -47.369904778006905, -23.687613458975321, 0.0 ], [ -47.371643978953784, -23.687089537669316, 0.0 ], [ -47.371811652363668, -23.687096164465977, 0.0 ], [ -47.372188222791223, -23.686994006197356, 0.0 ], [ -47.374259997292931, -23.687192920546568, 0.0 ], [ -47.374547788775317, -23.687204291646498, 0.0 ], [ -47.376308720942546, -23.686451517001341, 0.0 ], [ -47.378529139817964, -23.680134218368217, 0.0 ], [ -47.379144330999196, -23.678266612946906, 0.0 ], [ -47.380251539567062, -23.67748005936512, 0.0 ], [ -47.381758906758236, -23.676359456588425, 0.0 ], [ -47.381718922340738, -23.675877310009042, 0.0 ], [ -47.381412195492686, -23.674022269805558, 0.0 ], [ -47.379943337069854, -23.673673794368, 0.0 ], [ -47.378012464433652, -23.673260939982239, 0.0 ], [ -47.376649758975695, -23.672278301709575, 0.0 ], [ -47.375712326351398, -23.671671338029583, 0.0 ], [ -47.375654830214174, -23.671560845765377, 0.0 ], [ -47.375372094739575, -23.67135695941144, 0.0 ], [ -47.375185289069599, -23.670658531047952, 0.0 ], [ -47.375008351510758, -23.670318508583097, 0.0 ], [ -47.374872781067758, -23.669490102900888, 0.0 ], [ -47.37476781257886, -23.669097634841417, 0.0 ], [ -47.374762753932465, -23.66881777686655, 0.0 ], [ -47.374500464297121, -23.667215014377263, 0.0 ], [ -47.373334991697163, -23.665731404303624, 0.0 ], [ -47.373297593032248, -23.665684872448296, 0.0 ], [ -47.370703521573013, -23.664232973754061, 0.0 ], [ -47.369660635754592, -23.663791731260599, 0.0 ], [ -47.368611996961619, -23.663367687015882, 0.0 ], [ -47.368154832488599, -23.663202551522208, 0.0 ], [ -47.366389939647178, -23.662881755008893, 0.0 ], [ -47.365395010551609, -23.662758518809241, 0.0 ], [ -47.365333081128036, -23.662689642751332, 0.0 ], [ -47.365315129319562, -23.662686380838249, 0.0 ], [ -47.364788073116209, -23.662160832005409, 0.0 ], [ -47.364757977058559, -23.662050031951246, 0.0 ], [ -47.364532647166811, -23.661799425293236, 0.0 ], [ -47.364415102788691, -23.660787750748515, 0.0 ], [ -47.364368037215357, -23.660614482425675, 0.0 ], [ -47.364386901308542, -23.660545023562438, 0.0 ], [ -47.364371612125154, -23.6604134346683, 0.0 ], [ -47.364583215555648, -23.659822133156339, 0.0 ], [ -47.364787387543039, -23.659070296222094, 0.0 ], [ -47.364895652812152, -23.658949051622432, 0.0 ], [ -47.364908036321019, -23.65891444727988, 0.0 ], [ -47.365448391835344, -23.658330039360759, 0.0 ], [ -47.366409924945025, -23.657253201513118, 0.0 ], [ -47.36661699925736, -23.656703052764538, 0.0 ], [ -47.367286874891946, -23.654693215696511, 0.0 ], [ -47.366908126843896, -23.653183246578738, 0.0 ], [ -47.366895453588782, -23.653102573327182, 0.0 ], [ -47.366766187573731, -23.652598792227714, 0.0 ], [ -47.366759701455621, -23.652238464642803, 0.0 ], [ -47.366594761322531, -23.65118854736232, 0.0 ], [ -47.366734943668199, -23.650862958664636, 0.0 ], [ -47.366733529802779, -23.650784406354322, 0.0 ], [ -47.367153746621483, -23.649890227737313, 0.0 ], [ -47.367866725294633, -23.648234197785108, 0.0 ], [ -47.367955113080519, -23.648184967512293, 0.0 ], [ -47.368022113053136, -23.648042393560246, 0.0 ], [ -47.369380218095728, -23.647391188172527, 0.0 ], [ -47.369936492634686, -23.647081339524174, 0.0 ], [ -47.370298213305844, -23.645533147800375, 0.0 ], [ -47.371439009133688, -23.644562295700172, 0.0 ], [ -47.371464883300796, -23.644566975915474, 0.0 ], [ -47.371480093744232, -23.644554202282578, 0.0 ], [ -47.374517652425496, -23.645091048612525, 0.0 ], [ -47.375414779174278, -23.645260186230722, 0.0 ], [ -47.376532989178045, -23.64540581272415, 0.0 ], [ -47.377910159649616, -23.644831220957702, 0.0 ], [ -47.379587102844674, -23.643958092741912, 0.0 ], [ -47.380473177703593, -23.643444082824686, 0.0 ], [ -47.381416423318186, -23.644367747680892, 0.0 ], [ -47.382301815465311, -23.645014512952216, 0.0 ], [ -47.382980458791849, -23.64530060085098, 0.0 ], [ -47.384507557009307, -23.645603249666554, 0.0 ], [ -47.385083664815085, -23.645653214113288, 0.0 ], [ -47.38641565859745, -23.645559481287506, 0.0 ], [ -47.388554939685164, -23.645307259203648, 0.0 ], [ -47.389952033131848, -23.64528572093749, 0.0 ], [ -47.390074019663778, -23.645195583066474, 0.0 ], [ -47.391350737431189, -23.64416226360084, 0.0 ], [ -47.391546541051206, -23.644107484122451, 0.0 ], [ -47.391629996318116, -23.644045815211754, 0.0 ], [ -47.392212004657601, -23.643921307581962, 0.0 ], [ -47.393312361926853, -23.643613453040455, 0.0 ], [ -47.393868788758454, -23.643566861064691, 0.0 ], [ -47.395389468952864, -23.643241516069072, 0.0 ], [ -47.396083748576501, -23.642414593386054, 0.0 ], [ -47.397768642056121, -23.6403181965572, 0.0 ], [ -47.397963678586059, -23.640066566471329, 0.0 ], [ -47.398213348042141, -23.639542371714249, 0.0 ], [ -47.398708599152208, -23.63834472118306, 0.0 ], [ -47.399523753916661, -23.636711696303816, 0.0 ], [ -47.400510080060883, -23.636947537730276, 0.0 ], [ -47.400815100910677, -23.636959552583598, 0.0 ], [ -47.401922987387351, -23.636382472939292, 0.0 ], [ -47.401981505900338, -23.636349552761043, 0.0 ], [ -47.402538710253211, -23.636016837671523, 0.0 ], [ -47.403013690325075, -23.635037231433774, 0.0 ], [ -47.403174954368858, -23.634397927802755, 0.0 ], [ -47.402879620478622, -23.633446355594224, 0.0 ], [ -47.402473645386678, -23.632452948355827, 0.0 ], [ -47.402676380705884, -23.631430740825397, 0.0 ], [ -47.402697607520253, -23.630973142415566, 0.0 ], [ -47.40278796227728, -23.630868128756649, 0.0 ], [ -47.402796011289489, -23.630827546398429, 0.0 ], [ -47.40306820378013, -23.630542419457232, 0.0 ], [ -47.404122090053029, -23.629317529643409, 0.0 ], [ -47.403854373858202, -23.627861244993621, 0.0 ], [ -47.403792649851063, -23.627571283783617, 0.0 ], [ -47.403775246860818, -23.627430813544034, 0.0 ], [ -47.403581409923461, -23.626376377136282, 0.0 ], [ -47.403639618228176, -23.626336060847756, 0.0 ], [ -47.403636834998721, -23.626313594428112, 0.0 ], [ -47.404070616538526, -23.626037543657553, 0.0 ], [ -47.405563210067903, -23.62500372853733, 0.0 ], [ -47.411689941984058, -23.624263833629378, 0.0 ], [ -47.412968929848148, -23.62326319809452, 0.0 ], [ -47.413679124416568, -23.622511565431356, 0.0 ], [ -47.41381428658174, -23.621443423638471, 0.0 ], [ -47.413976005921619, -23.621315333986761, 0.0 ], [ -47.414050923573562, -23.620202604363097, 0.0 ], [ -47.413935964316764, -23.619637419700958, 0.0 ], [ -47.412995272024347, -23.618564884219527, 0.0 ], [ -47.412339387789835, -23.61835677616946, 0.0 ], [ -47.410927497894193, -23.618246317466603, 0.0 ], [ -47.410515156807179, -23.618388422060718, 0.0 ], [ -47.410014703191365, -23.61859429839695, 0.0 ], [ -47.407598283275618, -23.619640889365364, 0.0 ], [ -47.407503283617508, -23.619627409339596, 0.0 ], [ -47.407467991852862, -23.61964192774327, 0.0 ], [ -47.404868436037262, -23.619256563380329, 0.0 ], [ -47.404367810904546, -23.618886328893161, 0.0 ], [ -47.403706033602688, -23.618534561968815, 0.0 ], [ -47.402792415889081, -23.617721228207166, 0.0 ], [ -47.402778162739814, -23.617710688440763, 0.0 ], [ -47.402777437712736, -23.617707893984512, 0.0 ], [ -47.40263259174889, -23.617578946440805, 0.0 ], [ -47.40254118440857, -23.616798767028225, 0.0 ], [ -47.402332117211465, -23.615994243935852, 0.0 ], [ -47.400610414971169, -23.613916904487549, 0.0 ], [ -47.400448430052165, -23.613797097110815, 0.0 ], [ -47.398556610332982, -23.613971498422217, 0.0 ], [ -47.397641092900486, -23.614091267624072, 0.0 ], [ -47.397073268790734, -23.613169874654329, 0.0 ], [ -47.3967088218497, -23.612653175349369, 0.0 ], [ -47.396739383843645, -23.612628079339405, 0.0 ], [ -47.396639804525535, -23.612466490933819, 0.0 ], [ -47.396876571716433, -23.612431582362831, 0.0 ], [ -47.396989571181955, -23.61241492158155, 0.0 ], [ -47.397101661601269, -23.612494744505536, 0.0 ], [ -47.397191738231335, -23.612493353620032, 0.0 ] ] ] ] } }
]
}
